:020000041000EA
:1000000000B5324B212058609868022188439860DF
:10001000D860186158612E4B002199600221596106
:100020000121F02299502B49196001219960352056
:1000300000F044F80222904214D00621196600F024
:1000400034F8196E01211966002018661A6600F04E
:100050002CF8196E196E196E052000F02FF8012189
:100060000842F9D1002199601B49196000215960AB
:100070001A491B48016001219960EB211966A021F2
:10008000196600F012F800219960164914480160C1
:100090000121996001BC002800D000471248134993
:1000A000086003C880F30888084703B5996A0420EC
:1000B0000142FBD001200142F8D103BD02B5186610
:1000C0001866FFF7F2FF186E186E02BD00000240BE
:1000D000000000180000070000035F00212200005C
:1000E000F4000018222000A00001001008ED00E03C
:1000F00000000000000000000000000074B24E7A12
:1001000000200420F7010010CB010010CD010010E9
:10011000C9010010C9010010C9010010C901001077
:10012000C9010010C9010010C9010010CF01001061
:10013000C9010010C9010010D1010010D301001045
:10014000C1010010C1010010C1010010C101001067
:10015000C1010010C1010010C1010010C101001057
:10016000C1010010C1010010C1010010C101001047
:10017000C1010010C1010010C1010010C101001037
:10018000C1010010C1010010C1010010C101001027
:10019000C1010010C1010010C1010010C101001017
:1001A000C1010010C1010010C1010010C101001007
:1001B000C1010010C1010010C1010010C1010010F7
:1001C000EFF30580103800BE00BE00BE00BE00BECA
:1001D00000BE00BEF2EB887170050110940501109D
:1001E0003802001090A31AE71E481F49086006C88D
:1001F00081F3088810471D480068002801D019487D
:10020000F3E70DA40ECC002902D000F012F8F9E7B4
:100210001749184A002000E001C19142FCD116495B
:100220008847164988471649884700BEFDE701C937
:1002300001C29A42FBD3704794050110C000002010
:10024000600C002034110110000004200000042084
:1002500034110110001004200010042000000000E0
:10026000704700000000000008ED00E0000000D032
:10027000600C0020681F0020F15000104D1300108A
:10028000B1500010F8B5C04606480749091A8B104E
:10029000C90FC91810B5491003D0044B002B00D06A
:1002A000984710BD600C0020600C0020000000008A
:1002B000054B10B5002B03D00449054800E000BFF2
:1002C000FFF7E2FF10BDC04600000000F01B002059
:1002D000B4C6001082B000226B46D91D06E08369C7
:1002E000DB06FCD403680B7001320131002AF6D022
:1002F0006B46D87902B0704730B583B01439CCB2B0
:100300000C2C03D8A100144C61588F46002003B078
:1003100030BD1C78114801784D1C057010484454BC
:100320000133013AD2B2002AF3D10120EFE70B4B9F
:1003300000221A700120EAE72423C15C074B1B78D6
:10034000074A490807480024009405F079F901207C
:10035000DDE70120DBE7C046B8C600105E1F0020C5
:10036000081000207005002010B5282906D0292982
:1003700006D1100002F07AF8012010BD0120FCE740
:100380000020FAE7F0B591B005000C000B78242BA3
:1003900076D12A2120000AF057FC071E70D0631C7A
:1003A000002602E01A7856400133BB42FAD3781C8B
:1003B000102200210AF03CFCB04261D100233B70C6
:1003C0005A49062220000AF0A1FC002808D058490A
:1003D000062220000AF09AFC002812D1012600E033
:1003E00001265449062220000AF090FC00280AD079
:1003F0005149062220000AF089FC00280AD1013068
:1004000002E00026EDE70120002E1BD1002837D0A6
:1004100000230DE00020F7E701342378002B01D002
:100420002C2BF9D1002B02D00023237001341300B0
:100430002278002A08D00E2B06DC5A1C9B0001A94A
:100440005C50EAE70023F3E7092B19DD002E60D0AA
:10045000029C20000AF02AFD052813D8039837498A
:100460000AF0E0FC002803D108980378002B27D17C
:1004700000232B760A9C20000AF018FD062826D0BF
:1004800011B0F0BD6E460023B370237833706378EB
:100490007370684608F0BCFFA871A3783370E378E6
:1004A0007370684608F0B4FFE8712379337063799C
:1004B0007370684608F0ACFF287201236B72CDE7B9
:1004C00008F0A0FF2861696101232B76D2E76E4610
:1004D0000023B3702378337063787370684608F034
:1004E00097FFE870A3783370E3787370684608F07C
:1004F0008FFFA8702379337063797370684608F0B2
:1005000087FFFA23DB009C466044288001232B717F
:10051000B6E70028B4D008980378002BB0D008F0D4
:1005200077FF286224230122EA54A9E7ECC60010D1
:10053000F4C60010FCC6001004C700100CC7001061
:10054000F0B589B004000E001500052A0AD9437AD7
:10055000002B02D00379002B06D1334A290030004A
:1005600004F062FD09B0F0BD03888178C0782F4A9D
:1005700003AF019000911421380004F055FD0A22C8
:10058000002138000AF054FB294BC218294B9A422B
:1005900029D9294A294BC318934232D9284BC31869
:1005A000934230D9274BC31893422ED9063A264B93
:1005B000C31893422BD3254BC318934229D31E4A09
:1005C000234BC318934226D9224BC318934224D9F4
:1005D000214BC318934222D9204B9C466044904241
:1005E0001FD9012200E00222A3799B18172B00DDFE
:1005F000183BE1791A4A00912900300004F014FDFB
:10060000B0E70222F0E70222EEE70222ECE7022244
:10061000EAE70222E8E70222E6E70222E4E7022212
:10062000E2E70222E0E7C04620C7001010C7001032
:1006300016DACAFEB6020000BE02000008B3CAFE07
:10064000FA8BCAFEEB64CAFED53DCAFEC616CAFEC8
:10065000B8EFC9FEA9C8C9FE9AA1C9FE8B7AC9FE26
:1006600028C7001010B50100024B1800FFF78AFEE2
:1006700010BDC046E00D002070B50500094C2000FB
:1006800007F01BFF084B0C221E21200008F068FA1F
:100690002B001C221E21200008F062FA200007F027
:1006A00018FF70BD601E002034C70010F0B5DE4694
:1006B00057464646C0B588B08A4601921F001B4A7D
:1006C00004AD03001021280004F0AEFC28000AF05D
:1006D000EDFB804683461649164808F08DFAC71987
:1006E00000241BE04346013B1B1B03AE002232806B
:1006F00004AAD35C33700F4D3100280008F07CFA57
:10070000210079435346591A89B26B469A88091ACF
:1007100089B23300280008F023FA01345C45E1DB9C
:1007200008B0E0BCBB46B246A846F0BD40C70010CA
:10073000F4CB0010601E0020F0B5D6464F4646466A
:10074000C0B590B0041C15000393234A06AF0B00FC
:100750000821380004F068FC08AE201C03F076FA8B
:10076000009001913A002021300004F05DFC30003F
:100770000AF09CFB07001949194808F03DFA431C90
:100780009846013F03E04E460136AD1B013F002F66
:100790001BDB08ABDC5D05AE002333803470104BEF
:1007A00031009A46180008F027FA81466B469A896C
:1007B000291A89B23300504608F0D2F9303CE4B22D
:1007C000092CE0D84346ED1AE0E710B0E0BCBA4689
:1007D000B146A846F0BDC04644C70010F4CB001097
:1007E000601E0020F0B5C64600B58AB0B54807F0D7
:1007F00064FEB54B1B68012B65D0022B00D12AE1AA
:10080000B249B04808F0EAF9B14B1868B14B1B7E09
:10081000002B08D0AF4B18695969AF4AAF4B02F0B3
:10082000F2FC02F07FFD022320223721FFF73EFF7A
:10083000AB4DA44C2900200008F0D0F9A94B186852
:1008400001230C224B21FFF731FFA74B0C224D2136
:10085000200008F085F9A54B1868FA21890002F0FC
:100860003FFA012320224B21FFF720FFA04920005F
:1008700008F0B4F99F4B20224D21200008F070F9B8
:100880002900200008F0AAF906AE924D0A22310094
:100890002800FFF755FE3100200008F0ADF9802157
:1008A000091A89B233000C22200008F059F92423D8
:1008B000EB5C002B00D0EEE0824807F00AFE0AB0A5
:1008C00080BCB846F0BD7F4C7F330022032120005E
:1008D00008F030FA032301220321200008F032FA45
:1008E000072301221C21200008F02CFA03230122F7
:1008F0003521200008F026FA032301224E21200092
:1009000008F020FA032301226721200008F01AFAD8
:10091000032301227F21200008F014FA764B774A46
:100920001168186803F04BF9754903F032F903F0C8
:1009300015FA041C734B1860002103F071F90028AC
:1009400073D10021201C03F073F9002874D1211CFD
:100950006D4803F014F9051C201C03F06FF984B2F4
:10096000281C03F06BF981B256480423009323003E
:100970000A2207F04FFD5A4F524C3900200008F070
:100980002DF9624B1B68624A02AD1021280004F069
:100990004BFB2B0020221421200008F0E1F8290055
:1009A000200008F029F905005149200008F016F947
:1009B000584B1635A9B22022200008F0D1F84E4B32
:1009C0004E4A1168186803F0FAF8534903F0E1F849
:1009D000524D06AE03F03AF9009001912A00102121
:1009E000300004F021FB4E4B98461900200008F01F
:1009F00003F905008021091A89B24346202220000C
:100A000008F0AEF83900200008F0E8F831002000C6
:100A100008F0F2F82D18ADB27E21491B89B23300DF
:100A20002022200008F09CF846E7264804230A22EA
:100A30001C2108F087F99EE760004008314B1860E0
:100A400003F0FCF883B21F480422009206321C21F6
:100A500007F0E0FC8FE733491A4C200008F0BEF89D
:100A6000254B18680E2352220221FFF765FE2E4BFC
:100A70000E225621200008F073F8204B18681E2320
:100A800052220221FFF758FE284B1E225621200039
:100A900008F066F810E70F4B1B6A1D4A02AD0821EB
:100AA000280004F0C1FA074C2900200008F0A4F83F
:100AB0008021091A89B22B002022200008F050F86A
:100AC000FAE6C046601E0020B019002068DF001062
:100AD000041F0020E00D00206F1283C0CAA1FD3F5B
:100AE00044EE0010FC14002064C700104C1C0020D1
:100AF00080FD001068C7001008150020F4140020C5
:100B000000002042401C00200000E0419819002015
:100B100040C700104CC7001000007A4454C70010B2
:100B20005CC7001078E1001060C700100CC700100F
:100B300010B5040000E001342378202BFBD0CD4910
:100B40000F2220000AF0E2F8002809D0CA490F223B
:100B500020000AF0DBF8002815D121000F3107E052
:100B600020000F3008F054FCC44B18600AE001313B
:100B70000B78202BFBD0C24C1F2220000AF0FAF881
:100B80000023E37710BDBF490D2220000AF0BEF814
:100B900000280ED121000D3100E001310B78202B0F
:100BA000FBD0B94C1F2220000AF0E4F80023E377C1
:100BB000E8E7B649172220000AF0A8F8002810D06C
:100BC000B349182220000AF0A1F8002810D0B1493A
:100BD000122220000AF09AF800281CD121001231BC
:100BE0000EE02000173008F013FCAB4B1860C9E78B
:100BF0002000183008F00CFCA84B1860C2E7013147
:100C00000B78202BFBD0A64C1F2220000AF0B2F854
:100C10000023E377B6E7A3490C2220000AF076F818
:100C2000002800D18AE0A049082220000AF06EF8CE
:100C3000002800D18BE09D490D2220000AF066F8C3
:100C4000002800D18AE09A490D2220000AF05EF8BF
:100C5000002800D189E097490C2220000AF056F8BC
:100C6000002800D188E09449122220000AF04EF8B2
:100C7000002800D189E09149122220000AF046F8AC
:100C8000002800D188E08E490D2220000AF03EF8AD
:100C9000002800D187E08B490D2220000AF036F8A9
:100CA000002800D186E088490E2220000AF02EF8A4
:100CB000002800D185E085490A2220000AF026F8A4
:100CC000002800D184E08249102220000AF01EF89A
:100CD000002800D183E07F490A2220000AF016F89C
:100CE000002800D182E07C49082220000AF00EF89A
:100CF000002800D181E079490C2220000AF006F892
:100D0000002800D180E076491022200009F0FEFF83
:100D1000002800D181E073491522200009F0F6FF78
:100D2000002800D180E070490D22200009F0EEFF7C
:100D3000002800D000E121000D317DE020000C30C2
:100D400008F060FB02F056FB684B18601AE72000C1
:100D5000083008F05DFB664B186013E720000D308B
:100D600008F056FB634B18600CE720000D3008F0CC
:100D70004FFB614B186005E720000C3008F042FB88
:100D800002F038FB5D4B1860FCE62000123008F0E2
:100D90003FFB5B4B1860F5E62000123008F038FB93
:100DA000584B1860EEE620000D3008F031FB564B32
:100DB0001860E7E620000D3008F02AFB534B18605E
:100DC000E0E620000E3008F023FB514B1860D9E616
:100DD00020000A3008F01CFB4E4B1860D2E62000C1
:100DE000103008F015FB4C4B1860CBE620000A30A1
:100DF00008F00EFB494B1860C4E62000083008F0EC
:100E000007FB474B1860BDE620000C3008F0FAFAEB
:100E100002F0F0FA434B1860B4E62000103008F0FE
:100E2000F7FA414B1860ADE62000153008F0F0FAF3
:100E30003E4B1860A6E601310B78202BFBD03C4BD3
:100E40001F221C00180009F095FF0023E3773949A1
:100E5000200009F0E7FF002805D1D0231B068022DF
:100E600092045A618EE6D0231B06802292049A6176
:100E700088E6C0466CC700107CC70010F81E002032
:100E8000081F00208CC70010301F00209CC70010D6
:100E9000B4C70010D0C70010EC140020E8140020E4
:100EA000C8140020E4C70010F4C7001000C80010E8
:100EB00010C8001020C8001030C8001044C800102E
:100EC00058C8001068C8001078C8001088C8001002
:100ED00094C80010A8C80010B4C80010C0C8001002
:100EE000D0C80010E4C80010FCC80010F4140020A2
:100EF00004150020FC140020001500200815002017
:100F0000F0140020F81400209C190020AC190020D7
:100F1000A8190020A4190020A0190020081C0020F6
:100F2000FC1E00202C1F0020001F0020281F002076
:100F3000B81900200CC90010A3490B22200009F0A9
:100F4000E5FE002800D196E0A0490D22200009F01E
:100F5000DDFE002800D195E09D490B22200009F01C
:100F6000D5FE002800D194E09A490B22200009F018
:100F7000CDFE002800D193E097491022200009F00F
:100F8000C5FE002800D192E094490922200009F012
:100F9000BDFE002800D191E091491422200009F003
:100FA000B5FE002800D190E08E490922200009F00A
:100FB000ADFE002800D18FE08B490C22200009F003
:100FC000A5FE002800D18EE088490E22200009F0FD
:100FD0009DFE002800D18DE085490F22200009F0F8
:100FE00095FE002800D18CE082491422200009F0EF
:100FF0008DFE002800D18BE07F491322200009F0EC
:1010000085FE002800D18AE07C490C22200009F0EE
:101010007DFE002800D189E079490F22200009F0E7
:1010200075FE002800D188E076490B22200009F0E7
:101030006DFE002800D187E073490622200009F0E8
:1010400065FE002800D186E070490C22200009F0DE
:101050005DFE002800D184E06D491222200009F0D5
:1010600055FE002800D083E02000123008F0D0F9AF
:10107000684B186086E520000B3008F0C9F9664B14
:1010800018607FE520000D3008F0C2F9634B18604E
:1010900078E520000B3008F0BBF9614B186071E572
:1010A00020000B3008F0B4F95E4B18606AE52000B0
:1010B000103008F0ADF95C4B186063E52000093092
:1010C00008F0A6F9594B18605CE52000143008F0D0
:1010D0009FF9574B186055E52000093008F098F942
:1010E000544B18604EE520000C3008F091F9524B3B
:1010F000186047E520000E3008F08AF94F4B186061
:1011000040E520000F3008F083F94D4B186039E5B9
:101110002000143008F07CF94A4B186032E52000BA
:10112000133008F075F9484B18602BE520000C309F
:1011300008F06EF9454B186024E520000F3008F0E8
:1011400067F9434B18601DE520000B3008F060F98B
:10115000404B186016E5A01D08F05AF93E4B186088
:1011600010E520000C3008F053F93C4B186009E5FD
:101170003B491E22200009F0C9FD002800D001E5EE
:1011800001F068FA002915D0FA229200002301F03C
:101190000DFE0400334B1B68012B11D16422324B2E
:1011A0001B68E31A934200D2ECE4FFF71BFB2E4BC3
:1011B0001C60E7E4FA21890001F0BAFD0400E9E7C8
:1011C000FA225200EBE7C04620C900102CC90010DB
:1011D0003CC9001048C9001054C9001068C900106B
:1011E00074C900108CC9001098C90010A8C900105B
:1011F000B8C90010C8C90010E0C90010F4C9001037
:1012000004CA001014CA001020CA001028CA001016
:1012100038CA00104C1C00201C1C0020201C002080
:10122000241C0020141C0020181C0020101C00206E
:10123000281C00200C1C00202C1C0020441C00201A
:10124000481C0020E81B0020EC1B0020501F002041
:10125000581F0020541F0020041F00209819002050
:101260004CCA0010B0190020E41B002010B5152056
:1012700000F08AF9D024240680239B03A362002275
:101280000121152000F064F9192000F07DF9802378
:101290009B046362A361E1214902224801F082FAC2
:1012A0000221102000F03AF90221112000F036F955
:1012B0001D481E4904F09AF90321042000F02EF97C
:1012C0000321052000F02AF900220121042000F06A
:1012D0003FF900220121052000F03AF9144B154A8C
:1012E0001549164C200007F0FDF8200008F01CF806
:1012F0000021200008F01FF8FF21200008F022F84C
:101300000F49200007F06AFC0E48FFF7B5F90021ED
:10131000002006F085FB002800D010BD0A48FFF72A
:10132000ABF9FAE70040034070050020A0860100F9
:1013300069030010F9020010A4000110601E0020D3
:101340007CF900106CCA001078CA001070B5FFF765
:101350008DFF01200021404205F0A2FCD0231B0696
:101360005C6880239B031C4025006A1E9541EDB2FA
:1013700001F070F9002912D0FA229200002301F046
:1013800015FD002C28D1324B1B78002B0CD0314B93
:101390001860314B00221A702D4B1D703BE0FA2172
:1013A000890001F0C5FCECE72B4B1B78002BF3D137
:1013B000284B1B68C31AFA22D2009342ECD9264B61
:1013C00001221A702548FFF757F9642001F04EF802
:1013D0000021002001F064FB002CDDD01C4B1B78A9
:1013E000002BD9D11C4B1B78002BD5D1194B1B6876
:1013F000C01A3228D0D91A4A136801331360022B5D
:1014000002DD130000221A60FFF7ECF9C4E7154B68
:101410001B78002B14D1144B9B69DB0699D412481E
:10142000FEF758FF0A28F2D00D28F0D00D4B1B789C
:101430007E2BF0D80B4A591C11700C4AD054EAE7A5
:101440000A480024C454FFF70DF9064B1C70E2E76C
:10145000E8040020081100205F1F002088CA001047
:10146000B01900205D1F002000400340880E0020BE
:1014700010B588B002000449684603F0BFFD684615
:10148000FFF7FAF808B010BD98CA001010B588B080
:1014900002000449684603F0B1FD6846FFF7ECF826
:1014A00008B010BDA8CA001010B500230022032107
:1014B00006F042F90148FFF7DFF810BDB8CA001086
:1014C00070B51349FF2206F025F90500002404E059
:1014D000104B1B78002B12D10134AC4217D20C4BAD
:1014E0001B5D0A2BF4D00D2BF2D00A4A12787E2A0B
:1014F000F2D80849501C087007498B54ECE706489D
:101500000026C654FFF714FB024B1E70E4E770BDC3
:10151000080F00205C1F0020080E002010B583007B
:10152000084A9A1814684022544080322240064CDF
:10153000A44663441A60C000044B9C46604441606A
:1015400010BDC04604C0014004D00140004001402D
:1015500080000C4B9C46604400290ED00823002AD2
:101560000DD004221343026853400C221340802202
:10157000520194466044036070470023EFE7002265
:10158000F0E7C04604C0014010B501238340D022DB
:101590001206936293610521FFF7C0FF10BD0000A2
:1015A0000FB400B583B0084803F0AAFE049B002BDB
:1015B00007D005A90191180003F0B2FE034803F01B
:1015C0009FFE012003F056FDC4CA0010D4CA0010CB
:1015D000EFF3108072B6034B1B68002BFBD0BFF3F8
:1015E0005F8F70472C0100D0BFF35F8F024B00224A
:1015F0001A6080F3108870472C0100D0F8B50600FF
:101600000C001500FFF7E4FFE308F718F15C072270
:101610002240012393400B4205D1DBB20B433B70C8
:10162000FFF7E2FFF8BD21002800FFF7B9FFF0B592
:1016300083B00600019114001F00FFF7C9FF00E00E
:101640000134BC420CD8E308F518F35C07212140B3
:1016500001228A401A42F3D1D2B21A432A7001E021
:1016600001246442FFF7C0FF002C02DB200003B01E
:10167000F0BD019B002BF9D00898FFF791FF000007
:10168000054A1078431CDBB21370172B02D91300E4
:1016900010221A707047C046E904002010B582B0CD
:1016A0000100054C054B00931F2318222000FFF773
:1016B000BEFF02B010BDC04668190020D8CA001095
:1016C000002307E0054A9A189200BFF35F8F0021BC
:1016D000116001331F2BF5D97047C046400000341C
:1016E000074B9B68103080001950BFF35F8FBFF32A
:1016F0005F8F044B0021196082F310887047C04649
:1017000000ED00E0240100D00048704700E400E054
:1017100010B5FFF7F9FF002302E0034A04C00133CC
:10172000072BFAD910BDC0468080808010B5038891
:10173000DA0A1C2A05D15B055B1502335B00C01871
:1017400010BD034B034A8E210348490003F0B4FC4B
:10175000F4CA0010A0D800100CCB001010B5091A64
:101760000B1F0A4A88180A4A904208D8C90706D4AB
:101770005B105B055B0D0748184380B210BD064B3C
:10178000064A87210648490003F096FCFC07000042
:10179000FE0F000000E0FFFF58CB001094D80010AF
:1017A0000CCB001010B5091A04394A08090B08D1EE
:1017B0004905490D064B0B430380064B13434380F9
:1017C00010BD054B054A8B210548490003F074FC08
:1017D00000F0FFFF00F8FFFF88CB001070D800106A
:1017E0000CCB001001238340034A10681840431EAD
:1017F0009841C0B27047C04600E100E0002A05D021
:10180000044BC0225200995019607047014A80234E
:10181000D150FAE700E100E010B50A001F230340B1
:10182000012199404009FFF7E9FF10BD024B9B6879
:1018300010308000C058704700ED00E070B5040023
:101840000D00EFF3108672B60C4B1B68002BFBD01B
:10185000BFF35F8F2000FFF7E9FF094B984201D0EB
:10186000A84205D1320029002000FFF739FF70BDE2
:10187000044B054A0548ED2103F01EFC240100D06D
:10188000C101001098CB0010C8D800100CCB00107C
:10189000F0B5DE4657464E464546E0B589B081462E
:1018A00001911500EFF3108B72B66F4B1B68002B84
:1018B000FBD0BFF35F8F6D4B00269E57002E40DBA1
:1018C0007400A419A4006A4824180622A256674B83
:1018D0001A70684B9A684B4610339B00D358984651
:1018E0001B1A2F2B3BD9644B984531D105AF634B65
:1018F0003B80634973009A46981980005C4B984678
:1019000040440230FFF72AFF78805E4BBB80FF2304
:10191000BB71FD71019B0793330053449B0043440B
:1019200007CF07C301231C43A0465A4641464846F9
:10193000FFF7D6FE09B0F0BCBB46B246A946A046AA
:10194000F0BD514B514ABE215148490003F0B4FB50
:10195000504B4E4A84214E48FF3103F0ADFB01232A
:1019600042469A439246101A0C2101F0E1F90029EF
:101970000FD153460027DA79AA4212D906215956C7
:1019800000290DDB4A005218920039491F008B18BC
:10199000F1E7414B3D4ACA213D48490003F08CFB29
:1019A0001F00002F2ED005AB3C4A1A80813A5A8086
:1019B0000623FB560293002B17DA394805AB9A46EB
:1019C0009880029A9A71DD71019A0792381D210060
:1019D000FFF7C4FEB880BE71254B720092199200C9
:1019E0009B18524613CA13C39FE7381DFFF79EFE8C
:1019F00001007000801980001D4BC0180430FFF7F3
:101A0000ADFEDBE705AF1D4B3B801D497300029324
:101A10009B199B00164A90461A0042440392901C60
:101A2000FFF79CFE7880039A101D5146FFF796FE43
:101A3000B8801C4B52464146521A524153431B0D2B
:101A4000BB71FD71019A0792029B9B199B00434455
:101A500007CF07C3114B52461380813B53800123AC
:101A60001C43A04661E7C046240100D0641F00204B
:101A7000EC04002000ED00E0C101001000A1FFFF18
:101A80001C05002001BDFFFFD0CB0010B0D8001016
:101A90000CCB0010F8CB001020CC00100148000047
:101AA00001BD0000AAAA0000F0B5CE46474680B5A9
:101AB00083B006000D00EFF3108872B64F4B1B6821
:101AC000002BFBD0BFF35F8F4D4B9A68340010346E
:101AD000A300D7584B4B9F4207D0AF4200D18AE0BA
:101AE0000197494BFB1A2F2B09D942463900300088
:101AF000FFF7F6FD03B0C0BCB946B046F0BD3000FC
:101B0000FFF770FE814600213000FFF785FEBFF32E
:101B10005F8FEFF30581002901D08C4211D10123A1
:101B2000019C9C430020A3689D4211D00622A2562E
:101B3000002A0CDB53009B189B00334A2000D4186A
:101B4000F1E7324B324A3348334903F0B5FA20000B
:101B50009D4249D106256557002D2BDB2A4B6A0093
:101B6000521992009B189A68A260DA79E2719B7907
:101B70005BB2A371002B0FDA2848A080224B6A00C9
:101B8000521992009B18264A11789971157049468E
:101B90003000FFF741FEA8E76800401980001A4BAB
:101BA000C0180430FFF7C2FD0100231D1800FFF725
:101BB000D5FDE2E7002912D100280ED0FF23837162
:101BC000184B838016490B78A3710F4A164BA41A41
:101BD000644163431B0D0B70D9E70A4FF2E71349C9
:101BE000201DFFF7DFFDD2E7114B094A912109487B
:101BF000890003F061FA034F77E7C046240100D063
:101C000000ED00E0C1010010EC040020A4CC0010A5
:101C100080D800100CCB00100202000001BD0000B3
:101C2000641F002001BDFFFFAAAA000026050020B6
:101C3000D8CC0010F8B5012202432C4BD31A2F2B1D
:101C400028D8EFF30583002B2AD0EFF3108472B667
:101C5000274909680029FBD0BFF35F8F234D254931
:101C60000600761B76417143090D4DB22249896801
:101C70009B00C958914219D00021032930D81B4B31
:101C80004A00521892009B189B795BB2AB421DD060
:101C90000131F2E7194B1A4A1A481B4903F00CFAB2
:101CA0001A4B174A17481A4903F006FA124A926863
:101CB0001849D150184B1A7882711D70BFF35F8F8D
:101CC0000B4B00221A6084F31088F8BD074B4A00C2
:101CD0005618B6009E19FF27B771104AB280E9E77F
:101CE0000F4B074A07480F4903F0E6F9EC040020C0
:101CF000240100D0AAAA000000ED00E0E0CC001012
:101D000054D800100CCB00107F02000008CD00104A
:101D100082020000C1010010641F002001BDFFFF0E
:101D200014CD001093020000024B9C4661448900D0
:101D3000016070474000003410B50400FFF7A0FCBC
:101D400001002000FFF7F0FFFF232371BFF35F8F37
:101D500010BD10B50400FFF793FC01002000FFF751
:101D6000E3FFFF23237100236371BFF35F8F10BD77
:101D700010B50D4C09E00D4B0D4A0E481A2103F029
:101D80009BF92000FFF7D8FF08340B4B9C4209D287
:101D90002368002BF5D0012BEDD12000FFF7D9FFF0
:101DA0000834F2E710BDC046580C00201CCD0010CE
:101DB00008D900103CCD0010600C0020034B9C465D
:101DC000614489000160BFF35F8F704740000034B9
:101DD00010B504000120FFF761FC01002000FFF7AF
:101DE000EDFF10BD30B5846A151B0B1D9B001B5801
:101DF0001B1B9D4204D3046A01238B40234202D162
:101E0000043189000A5030BD0004084370470000C7
:101E10000A4B1968EFF3108372B60A68002AFCD0E7
:101E2000BFF35F8F054A1268BFF35F8F0021116017
:101E300083F3108840BF0020002170475C1E002003
:101E4000F0B5DE4657464E464546E0B587B0EFF35F
:101E5000058303221A409246AE4B9200D7583B7836
:101E6000534507D10123524693409946AA4B4A460F
:101E70001A6025E1A94BAA4AAA48922103F01CF94D
:101E80007A6973009B19DB009046984443469C682E
:101E9000DD68A54800F0ACFB001BA941002900DA71
:101EA00016E1002D74DB43461B699B469F4B9B4507
:101EB0004FD00823F85E4346598889B2FFF7A4FF44
:101EC00043465969D847029003910299039A0B003F
:101ED000100013435CD013000A00002847DAA41A4C
:101EE0009D41009401954346009C019D9C60DD60EE
:101EF0000021595E002900DAEAE078694B005B189E
:101F0000DB00C3189A68DB68A41A9D41002D00DA33
:101F1000DEE039813D000835844604912A000597AA
:101F2000B346009E019F049B002B2ADB0023D45E56
:101F300063001B19DB0063449C68DD6830003900D6
:101F4000001BA94100291CDB1A000021595E0491E5
:101F5000E9E743465B699B461B695846984700285A
:101F600016D05B461A685B6802920393ADE76E4831
:101F700000F03EFB029B039C1B184C410093019414
:101F8000B1E70499059F5E464346198016809FE09D
:101F9000434600229B5E3B813A69EFF3108372B6A1
:101FA00011680029FCD0BFF35F8F02217A5E4146A1
:101FB0000A807E803A69BFF35F8F0021116083F34E
:101FC000108885E03969EFF3108372B60A68002A39
:101FD000FCD0BFF35F8FB88800B201225242BA80B2
:101FE0003A69BFF35F8F0021116083F31088050009
:101FF000BC461CE0049300229A5E002A0EDB049B80
:102000000021595E4B005B18DB0063449868D96877
:1020100034003D00241A8D41002DEBDA04995D4611
:10202000009B9C4644460D800023E55E2280002DE7
:1020300012DB634658696C006419E4000419A66851
:10204000E7686146083108229A5EAB460491634610
:102050000093A0468446D0E767463EE00023BB716C
:10206000390008310823F85E0EE001246442E517C8
:102070009460D56008243B5F834204D00E8008241E
:102080003B5F138038813000431C29D07C694300BA
:102090001B18DB00E218E65E53881BB2002BE4DB62
:1020A0001100F0E722002B0051461F48FFF79AFE6F
:1020B0001D4800F09DFA241A8D41002D22DC1FD00E
:1020C000194B4A465A630823FE5E002E00DBD7E612
:1020D000BB881BB2002B00DB74E7BB79002BBDD1A2
:1020E0000823FA5E002A0DDB796953009B18DB0098
:1020F000CB189C68DD68631CD4D16B1CD8D0D1E7A9
:10210000002CDDD040BF07B0F0BCBB46B246A946AC
:10211000A046F0BD301C00203C700540D4CD00101E
:1021200034D9001000CE001000400540411E0010C0
:1021300070B504000D0011000126AE4006622800B3
:10214000FFF77CFB01212800FFF766FB024B9C4652
:102150006444266070BDC04638200000F8B5CE4605
:10216000474680B50600894690461F00C160FFF7CC
:1021700087FA154B9C4660448000306143463370BB
:10218000BBB27381D02212061278727001225242C1
:102190003281B2809B187380002406E0621E73694E
:1021A00065002D19ED005A530134BC42F6D3074B9C
:1021B00042469200D650064A41464846FFF7B8FFCD
:1021C000C0BCB946B046F8BD40000034301C002009
:1021D000411E001010B5064B1B69002B01D00448AE
:1021E00010BD044B044A0548652102F065FFC04656
:1021F0003405002044CE00101CD9001000CE001081
:10220000F8B504000569EFF3108072B6296800295B
:10221000FCD0BFF35F8F0221665E6569710089198A
:10222000C9006D18002E02DB0027E95F618021697B
:10223000BFF35F8F00270F6080F31088002E2CDB28
:102240000699296107996961AA60EB606B8801337F
:102250005B04590C002B00D1012169803000FFF78D
:10226000D3FD2169EFF3108372B60A68002AFCD00F
:10227000BFF35F8FA2882A80A6802269BFF35F8F99
:102280000021116083F31088E368217801228A40DD
:1022900003498C4663441A60F8BD01204042FBE7C5
:1022A0003C20000070B582B0060014001D0008AB91
:1022B0001B78002B07D100F0CDF922002B00121A59
:1022C0008B41002B0ADB079B0193069B00932200A6
:1022D0002B003000FFF794FF02B070BD0020FBE739
:1022E000F0B5C64600B584B00500884616001F004C
:1022F0000AAB1C78FFF76EFF0294019700962A0044
:102300004346FFF7CFFF04B080BCB846F0BD0000E5
:1023100030B504000A1443899A422EDA406953000A
:102320009B18DB00C3182569EFF3108272B628688A
:102330000028FCD0BFF35F8F588885B20904090CD0
:10234000884212D000202369BFF35F8F00211960FB
:1023500082F31088002811D0E368217801228A4096
:1023600007498C4663441A6008E00649294389B24C
:1023700059800123A3710120E5E7002030BDC0464C
:102380003C2000000080FFFF10B50400FFF722FF93
:102390002100FFF7BDFF10BDF0B583B006000F00B0
:1023A000EFF30583002B1AD106246442E517A41924
:1023B0007D418D4202D803D1844201D900240025F9
:1023C00000F048F922002B00121A8B41002B0BDC85
:1023D00008D03000390000F04FF903B0F0BD1648C6
:1023E000FFF7DEF8002AF4D0144A002300932000FF
:1023F0002900FFF775FF002813DAEAE7104B196888
:10240000EFF3108372B60A68002AFCD0BFF35F8F27
:102410000B4A1268BFF35F8F0021116083F31088AD
:1024200020BF084B5B6A9D42E8D80649896AA142F1
:10243000CFD29D42CDD1E1E768CE0010111E001031
:102440005C1E00200040054070B504000D0000F047
:1024500001F900196941002902DBFFF79DFF70BDFA
:10246000012040420049F8E7FFFFFF7F10B5FA2244
:1024700092000023002101F065FBFFF7E5FF10BD8E
:10248000F0B5CE46474680B583B005000C00EFF3AB
:102490000583002B15D03F4B5B6A8B4209D33D4A25
:1024A000926A82420BD28B4201D0012002E00020CE
:1024B00000E0002003B0C0BCB946B046F0BD01202A
:1024C000F8E7FFF787FEC3689946037898462E0021
:1024D0002700484600F08CF802000B00B61A9F4116
:1024E000434604339B004A469B581B1A0022BA42BB
:1024F0000FDC0CD020BF274B5B6A9C422DD8254AAD
:10250000926AAA422BD29C4225D00120D2E7B34244
:10251000F0D9214A0023009328002100FFF7E0FEB4
:1025200000281EDD1B4B5B6A9C4205D8194A926A43
:10253000AA4202D29C4200D120BFFFF725FF154BD3
:102540005B6A9C4221D8134A926AAA421FD29C42DB
:1025500019D00120AEE70020ACE70020AAE7012057
:10256000A8E70C4B5B6A9C4209D80A4A926AAA42C5
:1025700007D29C4201D001209CE700209AE700206E
:1025800098E7012096E7002094E7002092E70120D9
:1025900090E7C04600400540111E001000487047FB
:1025A0000040054010B50B4B1B69002B04D00A48B6
:1025B0000A21FFF7B9FB10BDFFF7F0FF040003216C
:1025C00000F00CF80348102303222100FFF7C6FD9A
:1025D000EDE7C046340500205C1E002010B5024A1D
:1025E0000248FFF70BF810BDB8CE00106C190020A0
:1025F0000200436A906A1900536A9942FAD17047FF
:10260000416A00E0416A9942FCD300E0416A994284
:1026100002D1816A9142F9D37047F0B5C64600B540
:10262000804614001D00FFF7E3FF06000F002200A4
:102630002B0092197B41994202D804D1904202D9D1
:1026400001225242D3174046FFF7DAFF80BCB8465A
:10265000F0BD000010B50248FFF7CAFF10BDC0462C
:102660000040054010B502000B000248FFF7D5FFFF
:1026700010BDC0460040054010B502000B000248E6
:10268000FFF7BEFF10BDC04600400540074B984213
:102690000AD0162301229A40054B1A60054B1B688D
:1026A00011009943FAD170471723F3E700800340E4
:1026B00000F0004008C0004070B5046BE30701D48F
:1026C000200070BD0B4BC3180B4A1A60456A836A21
:1026D000AD01ED18AD02062000F016F9074900F033
:1026E00027FB0100280000F023FB0021FFF7BAFFC1
:1026F000E6E7C04630300000010300004E0E000047
:1027000070B504000E001500FFF7D6FFE36A5E40C7
:102710003540024BE3181D60206370BD2C10000093
:1027200070B505000C00062000F0EEF8C000210096
:1027300000F0FEFA0130C60907D00E4B9E4215D8B4
:10274000400834003F26064000E001246C62AE627F
:10275000002200212800FFF7D3FF062000F0D4F864
:102760008000A101891900F0E3FA70BD0026024C37
:10277000ECE7C046FEFF0000FFFF0000002909D083
:102780000A22064B9C46604443425841044B400099
:10279000C252704780225200F3E7C0460080FCBF5F
:1027A000F41E002070B504000D00062000F0ACF807
:1027B00000281ED0104B9C421CD0162201239340AF
:1027C0000E4A13602000FFF761FF00212000FFF791
:1027D000D5FF29002000FFF7A3FFE26A70235A40CB
:1027E0000E331340064AA2181360064B23630323DB
:1027F000A36470BD1722E1E70080034000E00040C1
:102800002C10000001030000F8B5D646474680B5FD
:1028100006000D001700984644002418A400294B18
:102820009C4664446368089A934200D26260331FF6
:10283000DBB29A46012B2ED980221201C0239B01C4
:10284000E3181A60204BB200D158002907D058690C
:1028500000F06EFA013043001B18033BFDD27F01EC
:1028600023685F40E0233B4080225201A21813609E
:102870005346012B1AD980239B01E31880221201B1
:102880001A60089B6360104BB6004246F250C0BC11
:10289000BA46B046F8BD012DCED10322C0239B011C
:1028A000E3181A60A368DB07FCD5D8E72168694004
:1028B00003230B401360A3680122AA401A42FAD0F6
:1028C000D9E7C0460080004070190020F0B583B001
:1028D00005000E0017001800089900F029FA0300FF
:1028E000089A140200943A0031002800FFF78CFF88
:1028F00003B0F0BD10B582B0802464000094FFF7EF
:1029000083FF02B010BD0000014B8000C05870472B
:1029100070190020F0B5C64600B504000E0017007F
:102920001D00374800F004FA8046364BFA18364B43
:102930009A4239D80100380000F0FAF90200103A42
:1029400098235B009A4235D86B1E062B38D8069B1D
:10295000013B062B34D83F09474537D32D04069B4E
:102960001B031D432368002B36DB284B9C4244D0BD
:102970000C2201239340264A1360264A1360264AFC
:102980001268190091430A1EF9D12660A060234BFA
:10299000E31821321A602268002AFCDAE560082276
:1029A0001A6080BCB846F0BD1D4B1E4A1E4811215E
:1029B00002F082FB1D4B1B4A1B48192102F07CFBD5
:1029C0001B4B184A18481C2102F076FB194B154A7C
:1029D0001548232102F070FB22683F231340B342C5
:1029E000C3D1A3681B051B0D8342BED1E368EE2251
:1029F000D2021340AB42B8D1D3E70D22B9E7C046AB
:102A0000001BB70080E84BD380F8A93200C0024019
:102A100000E0004000F0004008C00040043000002A
:102A2000DCCE00104CD900102CCF001078CF001055
:102A300094CF0010E0CF001080239B000B43014A8D
:102A4000D36270470080054010B5010018231B8831
:102A500014221088984710BD10B5010018231B8858
:102A600016221088984710BDF0B5C64600B507007D
:102A70000E0000250123984600E00135B5420AD238
:102A8000AC003C192068FFF7DFFF20600028F4D17C
:102A900000239846F1E7404680BCB846F0BD0000F0
:102AA00070B504000D000348FFF7CEFF03002900B6
:102AB0002000984755420000074BAA2212011A60D5
:102AC0008D225200DA60054B054A1A60024B5B68A2
:102AD000002BFBDA7047C046004002400060024015
:102AE00000B0FA0010B5040001E008CC9847024B92
:102AF0009C42FAD310BDC046ACC60010704700001F
:102B000010B50248FFF7EEFF10BDC04670C60010BA
:102B1000054B064A1A60064B064A1A60064B1A68AD
:102B2000044B9343FAD1704700E00040BFCDFBFE59
:102B300000F00040FE7F3C0008C00040044BDB6C0E
:102B4000002B03D1034B8022D2021A607047C0468B
:102B5000000011504C201150044B054A1A60054BDF
:102B60001B68DB43DB01FAD17047C04600F0004030
:102B7000FFFFFF0108C00040034B40229A675A67DD
:102B80001A67DA667047C04600F0014010B5FEF7DC
:102B900097FD10BD10B50C4A0C4BD21A92101400C0
:102BA000302A00D9302292000948084901F036F94C
:102BB00004E0084A064BA100CA5001342F2CF8D972
:102BC000034B054A936010BDC001001000010010C6
:102BD00000000020C101001000ED00E070B50420ED
:102BE000FFF792FE064900F0A3F805000024002C30
:102BF00000DD70BDE0B22900FFF71EFF0134F6E7EB
:102C000040420F0030B583B0274B00229A67FFF790
:102C100053FF264B01221A60234B5B6C012BFBD127
:102C2000234B03221A60204B9B6B012BFBD10133FA
:102C3000009304331F4A01211F48FFF76BFE052351
:102C400000931E4A01211E48FFF764FE1D4B00221F
:102C500002210420FFF74EFE1B4D2B000022012114
:102C60000520FFF747FE194C230000220021072012
:102C7000FFF740FE2300002200210820FFF73AFE64
:102C80008023DB0000932300002200210920FFF7AE
:102C90001DFE2B00002200210620FFF72BFEFFF770
:102CA0009DFF03B030BDC046008000403CB00040F6
:102CB00030B00040002F685900800240008C8647E9
:102CC00000C00240001BB70040597307006CDC02D3
:102CD00001480421014B184750050020692A0010C3
:102CE000124A936F9B0815D29066D166002905D0D1
:102CF000FFE7FFE7FFE7516F106F704704B58021D2
:102D00000906C2175140002800D0C84309F090FCC2
:102D1000002104BDF0B5146E556E576F166FFFF7A6
:102D2000E3FF1466556657671667F0BD000000D0D4
:102D3000114A936F9B0813D210665166002905D083
:102D4000FFE7FFE7FFE7516F106F704704B50028FA
:102D500001D00020C04309F06BFC002104BDC04637
:102D6000F0B5146E556E576F166FFFF7E5FF1466DA
:102D7000556657671667F0BD000000D094464A4A72
:102D8000926F9208624601D228E0C046F0B5464EE6
:102D9000346E756E776F366F00F020F89446424AB5
:102DA00014665566576716676246F0BD94463E4AFC
:102DB000926F9208624601D254E0C046F0B53A4E96
:102DC000346E756E776F366F00F04CF89446364A65
:102DD00014665566576716676246F0BD002B24DB04
:102DE00011D000293EDA00B5C943404200D101317B
:102DF00000F038F8C943404200D10131DB43524270
:102E000000D1013300BD002AEBD1002801D10029F7
:102E100005D00020C90FC90701D1C043410800B542
:102E200009F0FEFB0022002300BD00B500290ADBEB
:102E3000DB43524200D1013300F014F8C943404251
:102E400000D1013100BDC943404200D10131DB4313
:102E5000524200D1013300F005F8DB43524200D169
:102E6000013300BD002923D1002B18D1002A0CD03A
:102E7000BC460D4F38667A6600210023FFE7FFE766
:102E8000FFE77A6F386F67467047002801D0074820
:102E9000010000B509F0C4FB0022002300BD0200C0
:102EA0000B00002000217047000000D0FFFFFFFF53
:102EB000002B00D0BFE0130C28D1002AE7D080B44B
:102EC000114F39667A66FFE7FFE730B4040C7B6F79
:102ED000396F1B0423433B667A66FFE7FFE7FFE792
:102EE000C04684B27B6F3D6F1B0423433B667A660A
:102EF000FFE7FFE7C04600232C042D0C7A6F386FE4
:102F000000196941B0BC7047000000D0F0B594468C
:102F10000025140E01D112020835140F01D112013F
:102F20000435940F01D192000235D40F01D1520023
:102F30000135D40B0134254F7C66254C3C660E0CC4
:102F400093B2FFE7FFE7FFE73C6F6643360C77037A
:102F5000BE467343DF0B5B04C01AB941130C7343C5
:102F6000DB18C91ACE086643360CB64493B27343D5
:102F70001F0F1B01C01AB941130C73431F0B1B0514
:102F8000C01AB941860D8F023E436643360C092DA7
:102F900024DB520A7243801A7703460A6643360CD2
:102FA00016235B1BDE40DF40BF1964466643821B6D
:102FB0007046043506330100D940A840C01900D33B
:102FC0000131A24206D20023F0BD0000000000D073
:102FD000FFFFFFFF121B0130F3D3F1E709277F1B2F
:102FE000FE406446A2B27243801A00D20139220C1C
:102FF0007243130C1204821A99410B007046043577
:1030000013370100F940A840801900D30131002B8B
:1030100002D1A2420AD2F0BD013000D30131121B0D
:10302000FAD2013BF8D1A24200D2F0BD013000D368
:103030000131121BF7E7F0B51C0C00D080E00CB496
:1030400000251C0A04D11B02160E33431202083558
:103050001C0B04D11B01160F3343120104359C0BCA
:1030600004D19B00960F334392000235DC0B02D152
:1030700092185B4101351C00971864410134464F9A
:103080007C66464C3C660E0CFFE7FFE7FFE7C04658
:103090003C6F6643360C7703BE4697B27743C01B3E
:1030A00000D20139C01B00D201399FB27743C91B3E
:1030B000C91B170C77437E04FF0B801BB941CE0858
:1030C0006643360C0C2D33DBB644120B1F053A4316
:1030D0001B0B97B27743C01B00D201399FB27743D5
:1030E000C91B170C77433E043F0C801BB941860D6A
:1030F0008F023E43664329277F1BFE400C3D7746E7
:10310000AF40BF1930BCA2B2ABB272437343801A56
:103110009941220C7243130C1204801A9941020047
:103120000B000137001BA941F9D2781E0021F0BD28
:103130000C277F1BFE4077467F0BAF40FF19E0E76F
:1031400000245D1C07D0144F7D663966FFE7FFE75A
:10315000FFE7FFE73C6F95B29EB265436643401BB5
:10316000B141150C1E0C6543664336042F0C3E43DB
:103170002D04401BB141994204D202000B002000F3
:103180000021F0BD01D19042F7D3801A994101345A
:103190009942F2D3F6E70000000000D0FFFFFFFFE6
:1031A00048404140484018B41B4B5B68FC460193C3
:1031B00008BD04DF1335001018B4174B1B68FC461C
:1031C000019308BD00DF1D3500109446134A926F2D
:1031D000920809D2624618B40F4BDB68FC46019393
:1031E00008BD0CDFD53700100C4AF0B5146E556ED3
:1031F000576F166F6246FFF7EEFF084A1466556672
:1032000057671667F0BD18B4034B9B68FC460193E3
:1032100008BD08DF79360010581C0020000000D0DF
:10322000FFB550404240504059404B40594000E0AB
:10323000FFB5154F4C00640D03D0BC4204D10C0304
:1032400014D80020090D09055C00640D03D0BC42B0
:1032500004D11C030AD800221B0D1B0501264B407C
:1032600009D44B4003D58B4200D18242FFBD994225
:10327000FCD19042FFBD0B43DB1803431343F5D051
:10328000C9434918FFBD0000FF07000000B5FFF764
:10329000CFFF01D0002000BD012000BD00B5FFF729
:1032A000C7FF804100BDC04600B5FFF7C1FF01D98F
:1032B000002000BD012000BD00B5FFF7B1FF01D91E
:1032C000002000BD012000BD00B5FFF7A9FF80412F
:1032D00000BD012040054A00121804D85A001218F7
:1032E00001D800207047012070470000002100280D
:1032F00005D17047C1174840401AFAD0C90713B525
:10330000064B1B6898470CBC441CA2401005120BCE
:103310000349091B09051943114310BD581D00201D
:103320001F04000010B54C00620D8023D218DB0092
:10333000D21A5B057E2A10DD9E3A13DACC170903F8
:10334000490819435242D140640001341532202A01
:1033500005DAD0400843604310BD002010BD084688
:10336000604310BDC80FC018013810BD18B4044B1D
:103370005B6AFC46019308BD24DF8539001000001C
:10338000581C002018B4044BDB6DFC46019308BDAB
:103390005CDF913A00100000581C0020C94211D394
:1033A00000B549004908002200F018F8002904D4AB
:1033B000002240428A41114600BD802109060020BA
:1033C00000BD000018B4044BDB6EFC46019308BD41
:1033D0006CDF933900100000581C002018B4044B17
:1033E0009B6FFC46019308BD78DFAF3900100000E9
:1033F000581C002018B4044BDB6FFC46019308BD39
:103400007CDF1D3A00100000581C002070B513230B
:103410001C78012C12D0012C12DC214B214A936420
:103420002148FFF711FB214B186070BD1C491D4A54
:103430009800815001331F2BF8D9ECE70023FAE7FD
:103440001B48FFF709FB05001A48FFF705FB023888
:1034500003789B007F2B09DD12488022290000F0B1
:10346000DDFC022C08D0022CDADCD6E7124B134A22
:103470001348332101F020FE124B1A88B5231B029A
:103480009A4209D1104B1A88104B9A4204D1104B22
:103490001A88104B9A42E6D00020FEF781F8C04609
:1034A000D9340010581C00204C330000581D002057
:1034B0005344000053460000FCCF001058D90010C0
:1034C00040D0001054380000D838000049460000B1
:1034D0009C3800005946000007B56046002800D11E
:1034E00000BE01880A0A0230DF2AFAD1C9B2820876
:1034F00004D3028840880004104300E00068024AB8
:103500005050039007BD0000581C00200FB403BCAE
:103510000CBCF0B50124E407634000E0F0B50C0DED
:10352000CF0F661E3605891B640503D3C94340428D
:1035300000D30131640D03D0661CF60A07D0E41BEA
:1035400000207F00791C89078912803C24031D0D0F
:10355000DF0F6E1E36059B1B6D0503D3DB43524206
:1035600000D301336D0D03D06E1CF60A07D0ED1B9E
:1035700000227F007B1C9B079B12803D2D032F1B8D
:10358000661B58D4A446202E46DA20371400BC40CF
:103590001D00BD40F24033412A4380185941CB0FF2
:1035A00005D0C943C04300226442504151416246A4
:1035B0004D0D28D10D0D07D100281FD024194041F1
:1035C0004941013A0D0DF9D0640006D3013000D312
:1035D0000131002C01D140084000013A0BD4941C69
:1035E000E40A04D112051144DB071944F0BDD907E0
:1035F000204B194300E0D9070020F0BD0029DDD1A0
:10360000002CDBD1F0BD0132C6074008CD072843AE
:103610004908002EE1D0D9E73C2E29DA203E403778
:103620001400BC4000D00124F24014431A00BB40F7
:103630001C43D317ACE7AC46202F08DA2036040031
:10364000B4400D00B540F84039412843A5E73C2F70
:103650000CDA203F40360400B44000D00124F8408A
:1036600004430800B1400C43C117EAE710001900F9
:10367000002494E70000F07FF0B50C0D661E3605BF
:10368000891BE60A6405640D02D0651CED0A04D0AE
:10369000002001210905803C2403A4461C0D671E5F
:1036A0003F05DB1BE70A6405640D02D0651CED0ACB
:1036B00004D0002201231B05803C2403774064448E
:1036C00097B484B296B27443070C7E43150C6F43D3
:1036D00080B26843361802D3012000043F1830043A
:1036E000350C00197D41844688B29AB250430C0CC7
:1036F00062431F0C7C438EB27E43921902D3012693
:103700003604A4191604170C3618674101BC81B29F
:103710009AB25143040C62431B0C5C4380B2584381
:10372000121802D30120000424181004130C4018AE
:1037300063412D185E410020474106BC88B293B218
:1037400058430C0C6343120C544389B251435B1829
:1037500002D301210904641819041A0C09186241E2
:103760006D1856410020474118BCF902720D1143F3
:10377000F0026A0D1043ED020A0D03D16D194041AC
:103780004941013B124E9B1B7600B3420ED26D00A5
:1037900007D30130002671416646354301D1400808
:1037A00040001B05C918E4072144F0BD0BDA0133C2
:1037B00006D1013004D101314F0D01D04908F2E7A3
:1037C000E1070020F0BD013631050020EBE70000E5
:1037D000FF030000F0B51C0D671E3F05DB1BE70A69
:1037E0006405640D02D0661CF60A04D00022012391
:1037F0001B05803C2403D0252D060026F6432E66AB
:103800001E096E66CE0FF619B44649004F0D02D060
:103810007E1CF60A03D000200021403F3F033E1BE0
:10382000B600B444013F7F05C91B49082E6F01361D
:1038300076089C02950D25437543ED137543AD1332
:1038400001356D10F603761B0CB4CC02450D2C43EC
:10385000A2B2B3B25A43270C7B43350C6F43A4B2D8
:103860006C431B1902D3012424043F191C041D0CB2
:10387000A4187D4124196D41009A91B2ACB2614304
:10388000170C7C432B0C5F4392B25A43A41802D30B
:1038900001221204BF182204230C52187B41019C00
:1038A0006C431B19520ED9010A434401A01A81B27C
:1038B000B2B2514303145A43360C734387B2774371
:1038C000D617D21900277E4136049B191704160C0F
:1038D0007F185E417316ED18F301002680337541A1
:1038E000A90F06D16400690AE8055B0A184309D2EA
:1038F0002FE00422944480337541A90AA8059B0A4D
:10390000184326D3404149412404009A019B0D00ED
:103910005543641B4343E41A95B286B27543170CB2
:103920007E43030C5F4392B25A43B61802D301227E
:103930001204BF183204330C52197B4152429C418D
:10394000002C02D40022013051414008CA07104324
:10395000490802B06246D7079210084BD218084BAC
:103960009A4203D212058918C919F0BD0020002A15
:1039700001DC3900F0BD01331905F5E7FD03000056
:10398000FE070000002200B5203200F010F8080009
:1039900000BD002200B500F00CF8CA179A4200D111
:1039A00000BDD8430121C907414000BD00220B15CD
:1039B0000AD410B5944600F0A7F81414013400DAC4
:1039C0000021CB17144C204700200021704762448F
:1039D000343A0CD40C2A07DA040091409040524249
:1039E0002032D440214310BDD843D94310BD2032EA
:1039F00007D40C469440524220321141D04020431B
:103A000010BD0800C917203203D4524220321041A1
:103A100010BD1800190010BDCF3900104A00520D1A
:103A2000144BD21A13DDFF2A1EDAD205CB0FDB07A7
:103A30001A43C300400F0903490A084310435B00BF
:103A400001D301D0013070474308FBD2704702D048
:103A5000C80FC00770470A0312130132F8D1420F92
:103A6000072AF5D1012200E0FF22C80F00028018CA
:103A7000C00570478003000000210A00002104E017
:103A800000210A00C11704E00022002306E0C0461E
:103A90000022CB1758405940C01A994130B5184CF4
:103AA000A21A002903D1010010D00020203A4C15A1
:103AB00012D104D2013A001849414C0DFAD3114CED
:103AC000A24204D212058918DB07C91830BDD243BF
:103AD000520D00200021F5E703D4013A00184941B6
:103AE000FBD50B324405C00A4D052843C90A6400C2
:103AF00003D0002460416141E1E7E0D34408F8E7E6
:103B000032040000FE0700000A0DCC0F531E1B05F7
:103B1000C91A520503D3C943404200D30131520DA3
:103B200003D0531CDB0A07D0121B00206400611C69
:103B300089078912803A1203014BD21A704700009C
:103B4000FF03000051434343C9188C46110C83B254
:103B50004B4310B4040C614392B280B250436243B1
:103B60001C041B0C001910BC59411304120CC01882
:103B700051416144704700004840414048400023A3
:103B80009C46114B5B68184700239C460E4B1B68F4
:103B900018470E4A936F9B0804D200239C460A4B99
:103BA000DB681847F0B5146E556E576F166FFFF748
:103BB000F4FF064A1466556657671667F0BD002382
:103BC0009C46014B9B6818475C1D0020000000D0FC
:103BD00007B548404140484001E0C04607B54200B3
:103BE000120E03D0FF2A03D1420218D8C00DC0051F
:103BF0004A00120E03D0FF2A03D14A020FD8C90D82
:103C0000C9050122414005D4414001D5814207BD8B
:103C1000884207BD0143491801D0C043001807BDC1
:103C200000B5FFF7DBFF01D0002000BD012000BD83
:103C300000B5FFF7D3FF804100BDC04600239C467E
:103C4000014B5B6A184700005C1D0020034BDB6FD3
:103C5000FC4618477CDFD13D001000005C1D0020B1
:103C600070B513231E782A48FEF7F6FE0500012ED4
:103C700011D0012E09DDAB1E1B789B007F2B40DD90
:103C800024488022290000F0C9F82348FEF7DCFE12
:103C9000224B186070BD1F485422290000F0BEF866
:103CA0001F4B1A881F4B9A421CD1A7239B011A88CD
:103CB0001D4B9A4216D11D4B1A881D4B9A4211D1A9
:103CC0001C4B1A8894239B019A420BD11A4B1A88D9
:103CD0001A4B9A4206D11A4B1A681A4B9A4201D1D2
:103CE000152307E01848FDF75BFC184C094A9900BA
:103CF0008C5001331F2BF8D9144B064A1362D36141
:103D0000B7E7134B134A1448422101F0D5F9C046D6
:103D1000534600005C1D00204C330000581D00205D
:103D2000EE290000C40F0000C20D0000962B000019
:103D3000C0B50000182B0000CC2A000010B5000010
:103D4000FC2C000051ED8764D4D400109D3D001080
:103D50009CD000106CD90010D0D00010C20DFF23F1
:103D600013407F3B5A1C0FDB5A1C10D01722D21A6B
:103D7000002A08DD1622D21A0123934018180223C4
:103D800093405B4218407047C00FC007FBE7C00F6D
:103D9000C307FE2080051843F5E7000007B560461D
:103DA000002800D100BE01880A0A0230DF2AFAD1B9
:103DB000C9B2820804D3028840880004104300E09E
:103DC0000068024A5050039007BD00005C1D0020AF
:103DD000C30FDB0741000A0E07D0FF2A08D00909EC
:103DE000054A891819434007704719000020704799
:103DF0000249C918FAE70000000000380000F07F0F
:103E000001480421014B184760050020692A001071
:103E1000014B1B681847000060050020014B5B68E0
:103E200018470000600500209A4200D2885470476D
:103E3000704710B5002802D00B684968984710BD3C
:103E40000100002007E083001B185B00501C086085
:103E50001078C01830380A681378303BDBB2092B71
:103E6000F1D97047F0B5DE4657464E464546E0B5B7
:103E700083B093461F000C9B9A460D9C0E9B99465F
:103E80000F9B9B0717D0B8460F00060022E0551C79
:103E90004B4641462020B84701342A00B442F6D3AD
:103EA0003D004F465C46019B9B46B1464646B846A0
:103EB00037002E000EE00192A34688464E46B946D2
:103EC0000700EBE7013C551C5346185D434639009B
:103ED000B0472A00002CF5D135003E0047460F9B25
:103EE0009B0711D4100003B0F0BCBB46B246A946F4
:103EF000A046F0BD541C4B4641462020B847220046
:103F0000531BB342F6D3EDE7B0464E46B9462F00F9
:103F10005D46F5E7F0B5CE46474680B585B0944698
:103F200098460C9D0D9C0EAB1B789946109A119BE0
:103F3000129EB7071CD4002B0CD0F7070AD54F46AA
:103F4000002F02D10C37374204D0013B02E030276A
:103F50002F550134944201D21F2CF8D9F70707D509
:103F60009C4205D21F2C03D830272F550134F5E78A
:103F7000F70612D5770505D4002C03D0944221D042
:103F80009C421FD00F9A102A2FD00F9A022A36D0A7
:103F90001F2C0AD830222A5501341F2C05D84A4636
:103FA000002A32D02D222A5501340396029301941F
:103FB000009543466246FFF755FF05B0C0BCB946C1
:103FC000B046F0BD621E012C17D00F9F102F0BD0F2
:103FD00014000F9A102AD8D1B206D6D51F2CD4D8E7
:103FE00058222A550134D3E7023CB206F1D41F2CE3
:103FF000EFD878222A550134CAE71400C2E71F2CF3
:10400000D3D860322A550134C2E7720703D52B2278
:104010002A550134C9E73207C7D520222A55013471
:10402000C3E7F0B5DE4657464E464546E0B593B089
:1040300081468A46089209931CAB10CB1B789B469D
:104040001E9D219B9846002C03D1102342469A4383
:1040500090468023DB0046461E4042461A4218D056
:10406000002C22D0002614E0424692061BD54121A6
:10407000C918C9B20A39C9B2771C0AAB99552900C7
:104080002000FEF755FEAC4210D31F2F0ED83E0085
:10409000040029002000FEF74BFECBB2092BE3D829
:1040A0003033D9B2E8E76121E2E7270043460693BF
:1040B000209B05931F9B049303955B4602930197F6
:1040C0000AAB0093099B089A51464846FFF722FF26
:1040D00013B0F0BCBB46B246A946A046F0BDF0B551
:1040E000DE4657464E464546E0B597B00A900B91DE
:1040F0000C929A46209B9946219F22AA13789B46B0
:10410000249B0993259C289B98464A463A4302D112
:104110001032934398468022D200454615404346CC
:1041200013420AD04A463A4341D000252E00534656
:104130000D934D46099B9A4621E02E0053460D9360
:104140004D46099B9A461AE04246920623D54122E3
:10415000D218D2B20A3AD2B2731C99460EAB9A5513
:104160005246230028003900FEF720FEBC4220D82A
:1041700013D04B461F2B16D84E4605000F00524653
:10418000230028003900FEF711FED3B2092BDBD83B
:104190003033DAB2E0E76122DAE7AA45E9D94E46E0
:1041A0000D9B9A4608E04E460D9B9A4604E0002679
:1041B00002E04E460D9B9A4643460693279B059385
:1041C000269B0493099B03935B46029301960EABD7
:1041D000009353460C9A0B990A98FFF79BFE17B071
:1041E000F0BCBB46B246A946A046F0BDF0B5DE46DF
:1041F00057464E464546E0B591B0804689460C92FA
:104200009A461A9C1B9D22002B0020002900FFF7D4
:1042100060F8002800D0F2E001225242D54B200085
:104220002900FFF751F8002800D0E8E001225242AF
:10423000D14B20002900FFF731F8002800D0DEE044
:104240000022002320002900FFF728F8002800D0D2
:10425000EAE0069407958023DB001E9A1A400D922F
:104260001E9A1A4201D106231C9306980799020050
:104270000B000892099303000A00024300D1DFE01B
:10428000080D4005400DBD4EB4466044079E320304
:10429000120B1E00BA4B13431F00FFF72BF8B94A4D
:1042A000B94BFEF7B0FFB94AB94BFEF785FF08904E
:1042B00009910022B74B30003900FEF774FFB64A6F
:1042C000B64BFEF7A0FF02000B0008980999FEF715
:1042D00073FFFFF727F88346FFF70CF806000F007F
:1042E000AF4AB04BFEF78FFF0022AF4BFEF764FFE3
:1042F000FFF718F80890AD4AAD4B30003900FEF7D3
:1043000082FF06000F000898FEF7F4FFA94AAA4BA7
:10431000FEF779FF02000B0030003900FEF743FF83
:1043200006000F0002000B00FEF76DFF0A900B91D4
:10433000089BA24A944663440021002208910992F6
:104340001B0509930023089332003B00300039001D
:10435000FEF732FF0E900F9132003B0000208021CB
:10436000C905FEF720FF06000F000022944B0A98B3
:104370000B99FEF72AFF0022924BFEF71DFF020069
:104380000B000A980B99FEF720FF00228E4BFEF7D8
:1043900013FF02000B000A980B99FEF716FF0200AC
:1043A0000B0030003900FEF707FF02000B000E98EB
:1043B0000F99FEF70AFF0022714BFEF7FDFE089AE7
:1043C000099BFEF720FF06000F0008960997069A42
:1043D000079BFEF779FF00280BD001235B429C4628
:1043E000E3440022774B30003900FEF7EEFE0890E0
:1043F00009915B466333C62B45D8042623E01E9BF8
:1044000004931D9B03931C9B0293009401955346B8
:104410000C9A4946404600F0FBF811B0F0BCBB4690
:10442000B246A946A046F0BD00210022069107929F
:10443000069480231B069C46AC44634607930AE718
:1044400000239B4604261E9B1B0528D5089A099B22
:10445000190011430FD05D4A5D4B06980799FEF78E
:104460002BFF00287AD000225A4B06980799FEF7B6
:1044700015FF002872D01C9B5B4506DD5A469B1A2F
:10448000013B1C9303E00526DDE700231C938023FA
:10449000DB001E9A1A431E92002600239B461D9B9A
:1044A0009E4265D29F1B02231E9A1A400A921E9AB0
:1044B000134202D0002E00D000275B46002B07D00D
:1044C000089A099B06980799FEF77FFE06900791C8
:1044D0000022002320002900FEF7E0FE002800D083
:1044E0007CE03D4B1E9A1340049303971C9B029360
:1044F000069B079C0093019453460C9A49464046FC
:1045000000F086F8002E00D187E71E9B9B0671D530
:104510004525441C5346020049462800C0475A46D8
:10452000D317D2185A4005230593013E0496002361
:1045300003930A3302935B46DB0F019300925346C9
:10454000220049464046FFF76CFD0A9B002B00D134
:1045500063E7020047460C9E1D9D53E01C9B002B09
:104560009DD00D9B002B9AD01C9B013B1C9396E782
:10457000002798E7FFFFEF7FFFFFEFFF01FCFFFF42
:104580000000F03FFB799F501344D33FB3C8608BCA
:10459000288AC63F0000F83F61436F63A787D23F78
:1045A00071A379094F930A400000E03F1655B5BB4F
:1045B000B16B0240EF39FAFE422EE63FFF030000E6
:1045C00000002C4000002440000018402D431CEB4C
:1045D000E2361A3F80842E41FFF7FFFF069C079DBD
:1045E0002200290080200006844661440B000692C8
:1045F000079376E765258CE7541C534649462020EF
:10460000B8472200931BAB42F6D3100005E7C04623
:10461000F0B5DE4657464E464546E0B595B00690A5
:10462000079193469946209F1E9A1F9B10001900E0
:10463000FEF74FFE002831D101225242BC4B1E989A
:104640001F99FEF72BFE002837D101225242B94BA9
:104650001E981F99FEF738FE00283DD10022B64B68
:104660001E981F99FEF730FE00284AD10022B34B56
:104670001E981F99FEF712FE002842D10022002347
:104680001E981F99FEF70AFE00284AD1002398467B
:10469000229B5B0500D4B0E0002452E0229B0393F0
:1046A000219B029303230193A54B00934B465A464B
:1046B00007990698FFF7D6FB08E1229B0393219BFD
:1046C0000293042301939F4B00934B465A4607994C
:1046D0000698FFF7C7FBF9E0229B5B070ED59A4BC4
:1046E00004222299039121990291019200934B4651
:1046F0005A4607990698FFF7B5FBE7E0934B03226C
:10470000EFE7229B0493219B039302971E9B1F9C20
:10471000009301944B465A4607990698FFF766FDA9
:10472000D4E01E9A1F9B00200021FEF73CFD1E9046
:104730001F9101239846ABE70CAB30221A55013F7D
:1047400001341F2C01D8092FF6D81E981F99FEF7A7
:10475000E9FD0500FEF7CEFD02000B001E981F9933
:10476000FEF721FD7A4BFA009B181A685B680A92E3
:104770000B93FEF748FD08900991FEF7F7FD060040
:10478000FEF7B4FD02000B0008980999FEF70BFD37
:104790000890099100226F4BFEF796FD00282ED05D
:1047A00001363000FEF7A2FD02000B000A980B99BB
:1047B000FEF77AFD002801D001350026002F2CD10C
:1047C0002800FEF797FD02000B001E981F99FEF7C8
:1047D000EAFC06000F0000225E4BFEF75FFD00289A
:1047E00046D100225B4B30003900FEF76DFD0028FA
:1047F0003ED1EB073CD501353AE006274CE70022D5
:10480000544B08980999FEF749FD0028D6D1002E8F
:1048100001D0F307D2D50136D0E7AA461F2C11D814
:10482000013F0A213000FEF783FA651C30310CABE2
:1048300019550A213000FEF77BFA092E0ED9060021
:104840002C00EBE755461F2C0CD87B1E002F09D0FF
:104850000CAA302111551F000134F4E72B005546F6
:104860001C00F0E71F2C03D80CAB2E221A55013484
:104870001F2C10D80A212800FEF732FA661C3031AE
:104880000CAB19550A212800FEF72AFA051E01D0A3
:104890003400EDE734000323229A1340012B1CD08F
:1048A0001F2C06D84346002B32D00CAB2D221A55B4
:1048B0000134229B0393219B029301940CAB009340
:1048C0004B465A4607990698FFF7CCFA15B0F0BC4C
:1048D000BB46B246A946A046F0BD219B002B13D093
:1048E0004346002B02D10C3313420FD0219B013BD6
:1048F0002193190003E00CAB30221A5501348C428D
:10490000CED21F2CF7D9CBE72199F8E72199F6E70A
:10491000229B5B0704D50CAB2B221A550134C8E748
:10492000229B1B07C5D50CAB20221A550134C0E7CA
:10493000FFFFEFFFFFFFEF7F65CDCD4165CDCDC11F
:1049400078D100107CD100106CD1001074D100100F
:1049500070DB00100000E03FF0B5DE4657464E46E3
:104960004546E0B593B007008A4693461193002967
:1049700000D12CE3002508E06C1C5B462A00514660
:10498000B847119B013311932500119B187800281B
:1049900000D11EE32528EFD1013311930023180025
:1049A00020E00123184301321192012418E0022370
:1049B000184301321192012412E0042318430132FA
:1049C000119201240CE008231843013211920124B2
:1049D00006E01023184301321192012400E0002464
:1049E000002C09D0119A1378203BD9B21029F6D89F
:1049F0008B00C449CB589F468146119B1A781300FF
:104A0000303BDBB2092B10D92A2A13D00B94119B0F
:104A10001A782E2A20D0119A1378683BD9B212291D
:104A200065D88B00B849CB589F4611A8FFF708FA04
:104A30000B90ECE71C9B1A1D1C921B68002B04DBDF
:104A40000B93119B01331193E1E702220100114303
:104A500089465B420B93F4E78022D200494611431A
:104A600089465A1C11925A781300303BDBB2092B4D
:104A70000BD92A2ACFD11C9B1A1D1C921C68002C12
:104A800008DB119B01331193C5E711A8FFF7D8F993
:104A90000400C0E70024F4E780235B0049460B4391
:104AA000511C119151786C2901D099461FE0C02307
:104AB0009B004946194389460232119217E0802330
:104AC00049460B43511C11915178682901D09946F0
:104AD0000DE0C0234946194389460232119206E08F
:104AE00080235B0049461943894601321192119B8C
:104AF000187867281CD8252800D25EE20300253BE1
:104B0000DAB2422A00D958E29300804AD3589F462D
:104B100080239B0049461943894601321192E6E7FA
:104B200080235B0049461943894601321192DEE732
:104B3000782800D941E2692800D23EE20200693AB1
:104B4000D2B201239340724A134210D11A0600D503
:104B50000CE25B0500D430E21C9B1A1D1C921E68FF
:104B6000002C00D0BAE101225242330096E16F28B6
:104B700042D005D8582841D0622803D1022606E049
:104B800078283DD010234A469A4391460A26582851
:104B900038D0692805D0642803D00C224B469343B3
:104BA00099464B465A0502D50122934399466928F6
:104BB0002DD064282BD04B469A0500D5AAE0DA0503
:104BC00000D5C2E05A0600D4D3E01C9A111D1C91F6
:104BD0001168FF220A404B4605930B9B04930394F4
:104BE00002960023019300925B462A00514638004A
:104BF000FFF717FA05002AE00826C8E71026C6E7DF
:104C00001026C4E720224B4613439946C1E74B4682
:104C10009A0520D4DA0551D45A0666D51C9A111D7E
:104C20001C911168FF220A40D017111841404B46D1
:104C300005930B9B049303940296D20F019200916B
:104C40005B462A0051463800FFF7EBF90500119B3F
:104C50000133119399E61C9A073207218A43110008
:104C600008311C91116853689C46DB170C930D9317
:104C70000C9A0D9B100048400E900D9B61464B40D6
:104C80000F930E980F990C9A0D9B801A99410E90D4
:104C90000F914B4608930B9B0793069404960023B1
:104CA00005936346DA0F0292009001915B462A0059
:104CB00051463800FFF713FA0500C8E71C9A111D8A
:104CC0001C911268D0171118414005930B9B049357
:104CD00003940296D20F019200915B462A0051463E
:104CE0003800FFF79EF90500B1E71A0605D51C9AB2
:104CF000111D1C910023D25E96E71C9A111D1C9178
:104D0000126891E7D4D9001018DA001064DA0010A4
:104D1000419000001C9A073207218A431100083194
:104D20001C9108930B9B079306940496002305930C
:104D3000029353681268009201935B462A00514621
:104D40003800FFF7CCF9050081E71C9A111D1C9172
:104D500005930B9B0493039402960023019313681D
:104D600000935B462A0051463800FFF75AF90500C8
:104D70006DE71A0606D51C9A111D1C9112681204C3
:104D8000120C28E71C9A111D1C91126823E7462873
:104D90001AD01C9B0733072293431A0008321C9237
:104DA0004A4604920B9A039202941A685B68009236
:104DB00001935B462A0051463800FFF729FC0500A5
:104DC000119B01331193E0E520234A461A43914693
:104DD000DFE7672801D0472804D180231B014A461A
:104DE0001A439146452801D0472803D120234A463B
:104DF0001A4391461C9B0733072293431A0008323B
:104E00001C924A4604920B9A039202941A685B68B9
:104E1000009201935B462A0051463800FFF7E6F9FD
:104E20000500119B01331193AFE502234E461E404E
:104E30004A4613421ED001241C9B1A1D1C926A1C58
:104E4000904618785B462A005146B847002E14D188
:104E5000119B01331193454697E5551C5B4651461E
:104E60002020B84723002A005C1C0B999942F4D8F3
:104E70001500E1E701232A00F6E7424606E0561C4A
:104E80005B4651462020B8472C003200651C0B9B26
:104E9000A342F4D89046DBE701330A0019780029D1
:104EA00002D0511E002AF7D19B1B8022D200494616
:104EB000114088464946114202D0A34200D923003E
:104EC000022249461140109149460A4208D02A0060
:104ED000250099463B004746984626E0220044E6D6
:104EE000A1462A005146B2460E0006E0551C5B461C
:104EF00031002020B84723002A005C1C0B999942FE
:104F0000F4D8150022004C46330056469A46914686
:104F10002A0025003B004746984606E01D00013662
:104F2000541C5B465146C04722003078002804D00C
:104F3000002FF4D06B1E002DF0D115004B464746D4
:104F4000109A002A03D1119B013311931DE50B9E8A
:104F50002A0006E0551C5B4651462020B847230036
:104F60002A005C1C9E42F5D81500ECE721234A4636
:104F70001A4313001C9A111D1C91126805930823F3
:104F800004930394083302930023019300925B4639
:104F90002A0051463800FFF744F80500119B013301
:104FA0001193F2E46C1C5B462A0051462520B84759
:104FB000119B013311932500E7E46C1C5B462A002A
:104FC0005146B847119B013311932500DDE40A4F88
:104FD000D0E45D450DD35B465A1E5B46514600202A
:104FE000B847280013B0F0BCBB46B246A946A0465D
:104FF000F0BD2A00F1E7C046313E00100EB430B5D6
:1050000084B0010007AC08CC03940122054D009444
:1050100052422800FFF7A0FC04B030BC08BC03B02B
:105020001847C046293E00100CB430B585B00A00C0
:1050300008AC08CC0394054D009401002800FFF74C
:105040008BFC05B030BC08BC02B01847293E0010EC
:1050500010B584B00C0002A902904C6001240448F1
:10506000009313006242FFF777FC04B010BDC04606
:10507000333E001000BEFDE703000A4A1268002A12
:1050800008D0084A1068C318074A9A4206D3054A4E
:1050900013607047034A05491160F2E7012040425E
:1050A000F7E7C046E01B002000000420681F002036
:1050B00010B5FFF7DFFF000030B583B00D00190019
:1050C000002A0BD0074B084C019200932B000200E2
:1050D000200000F045F90120FFF7CCFF034B1A0038
:1050E000F1E7C04684D1001094D10010D4D4001050
:1050F00010B5EFF30583002B00D000BEFDF700FDD7
:10510000034C01E008CC9847024B9C42FAD310BDF7
:10511000ACC60010B4C6001010B5030008001100A2
:105120001B68984710BD0000F8B507000D00160079
:10513000437D002B02D0002400200CE00368110006
:10514000280098472DE03B7D10E03B681548022180
:105150009847601C0134B44214DA002CF3DD2B199B
:10516000013B1B780D3B5A425341DBB22A5D0A2AB0
:10517000F0D1002BEED1A042E7DA3B68211A2818C3
:105180009847E2E7B04203DA3B68311A281898479B
:10519000002E06DDAD19013D2B780D3B5A425341DF
:1051A0003B75F8BDC0DB001070B505000368002B2F
:1051B00016D00C4B1C6805E0290004C92000FFF73D
:1051C000B3FF2469002C09D02368002BF9D0064BCB
:1051D0001B68002BF0D0A342F3D1EDE700232B6036
:1051E00070BDC046B4190020DC1B002070B505005E
:1051F0000C000B68802B05D023685A1C2260E41831
:10520000257170BD0800FFF7CFFFF5E710B5FDF77A
:1052100021FA074A002312184B41002B03DB0548F3
:1052200007F016FA10BD01225242034BF7E7C046C1
:1052300040420F00580C0020FFFFFF7F10B50248CE
:1052400007F0E6F910BDC046580C0020F0B5CE4678
:10525000474680B583B006000D0090461C00FFF75E
:10526000D5FF81466B1C05D0002C08D0184F194B78
:105270001C6807E0300005F019FE0500F4E7164F42
:10528000F5E72469002C17D02368002BF9D0134BC5
:105290001B68002B01D0A342F3D12A00310020006B
:1052A000B8474346002BECD06B46D91D0A230B7040
:1052B00001222000B847E4E74B46002B05D1280027
:1052C00003B0C0BCB946B046F0BDFFF7B7FFF6E784
:1052D00029510010B419002019510010DC1B0020C6
:1052E00010B5064B1C6800E02469002C04D06368EC
:1052F000002BF9D09847F7E710BDC046B41900203D
:1053000070B5050005F0D2FD040001230122010063
:105310002800FFF79BFFFFF7E3FF200070BD0000B0
:10532000F0B5A3B004000E00FFF770FF050001AF59
:10533000002301930948330022003900FFF788FE5B
:1053400004003800FFF730FFFFF7CAFF002D02D13D
:10535000200023B0F0BDFFF771FFF9E7ED51001019
:105360000FB400B583B004A901C90191FFF7D8FFBC
:1053700003B008BC04B01847074B83420AD004238B
:1053800001229A40054B1A60054B1B681100994396
:10539000FAD170470323F3E77005002000F00040C6
:1053A00008C00040F0B5DE4657464E464546E0B5DB
:1053B00087B0070093461800039310AB1A78059244
:1053C000119D129A90463B680022DA663B6859604C
:1053D0003B680132DA660290002399460493002666
:1053E00000242DE03B79002B39D0012337E0059ACA
:1053F000002A01D0002236E0012234E0002E0CD138
:105400003B685B6BDB0608D4002DF7D000214046DB
:10541000A84706000443E4B2F0E7002E09D13B6838
:1054200080229A580492002A28D1002C39D1CA45EA
:1054300027D0002C3DD101239C46E144019B9B4693
:10544000029B994535DA039B013B9A46002D02D019
:1054500001214046A8474B46002BC3D000239B02A6
:10546000CA45C4D00022520213435A460132019267
:105470005A4611783A680B431361C5E75B6D012406
:105480000FE0059B002BD4D10BE000214046A8473C
:1054900006000443E4B2002E06D13B685B6B9B051B
:1054A00002D4002DF1D1F6E7002EC2D13B681B6E6D
:1054B000BFE7002C08D0002E10D1049A002A11D08A
:1054C000D30713D4130715D5059B3B71484607B086
:1054D000F0BCBB46B246A946A046F0BD02235B42E3
:1054E0009946F1E701235B429946EDE701235B42D0
:1054F0009946E9E701235B429946E5E7F0B5D646D0
:105500004F464646C0B505000C000520FDF7FCF9E6
:105510000600600880192100FDF70AFC070043001F
:105520009946814405214846FDF702FC80463B1A16
:105530009A46274B9C423CD8700080192549FDF7BC
:10554000F7FB441C4346023BA34239D32B6800229D
:10555000DA662B6819680432514002320A40802111
:1055600049018C4663441A602B685246DA612B6805
:1055700042461A624B464F2B28D950214846FDF728
:10558000D7FB2A68A023D0502B68DA6F544024043C
:10559000240C114A944663441C602B680122DA668D
:1055A00039003000FDF7C4FBE0BCBA46B146A8465E
:1055B000F0BD700080190949FDF7BAFB441CC1E732
:1055C000074B084A08485D21FFF776FD0120D8E720
:1055D0003F420F00809698007C10000040787D01CB
:1055E000C4D10010C4DB0010E4D1001070B5040079
:1055F0000D00114B98421DD00422012393400F4A05
:1056000013602000FFF7B8FE002323712268D366E1
:1056100022686621FF3111602268D3632268936398
:10562000226888336339FF39D15029002000FFF701
:1056300065FF70BD0322E0E77005002000E0004038
:1056400030B585B008AC257800240294019400950B
:10565000FFF7A8FE05B030BD30B505004B0613D0EE
:10566000012200E001320F2A0CD85301074C18190F
:105670001B5D002BF6D0437FAB42F3D183788B4286
:10568000F0D100E0002030BD0048FCE7D819002030
:10569000012200200F2A09D85301054958185B5CE4
:1056A000002B01D00132F5E7511E81777047C046CB
:1056B000D8190020F0B5C64600B584B00D00437F70
:1056C00098468778C68A00F05FFC01AC0C22002166
:1056D0002000FEF79DFB022363704346A3702771F1
:1056E000657103960121200006F0BAFF04B080BC6A
:1056F000B846F0BD10B50A4BDB6C9B0709D5094BCA
:105700009B7E002B06D007480823C3820021FFF7A9
:10571000D1FF10BD044B054A0548AD21FFF7CCFC75
:1057200000001150D819002030D200108CDC00107D
:105730003CD2001010B5002807D11148114B8360EE
:10574000114B4360114BC36010BDFFF7A1FF002850
:105750000FD0837FDA000E49511881600D498C46C5
:105760006244426002339B01084A94466344C3602A
:10577000EAE7094B094A20210948FF31FFF79CFC61
:10578000D8190020800010500001105080011050E6
:1057900088001050080010509CD200100CDC001043
:1057A0003CD2001010B50C000A4B98658B7E002B84
:1057B00005D0080000F06EFC002806D110BD064B95
:1057C000064A07486921FFF777FC00212000FFF710
:1057D00071FFF3E70030115030D20010A0DC001050
:1057E0003CD2001070B5164B9E6DF30701D4012515
:1057F00019E001239E4313494B681B680120FFF702
:10580000D1FFF4E7864369010E4BC918FFF7CAFFC1
:105810000134012C06D86B001B190120984030423E
:10582000F6D0EFE701350F2D03D8002E01D000246C
:10583000EFE7002E00D170BD03483100FBF7B0FE4A
:1058400000001150D8190020A0D2001030B585B04A
:105850002F4A9823D458973B1D002540234211D04E
:10586000136D1B0A9B0721D001A80023037043700E
:1058700003714371012106F0F3FE264BC022920012
:105880001A65012563051CD4E30626D4230729D411
:10589000630605D540231D431E4B802212051A6561
:1058A000A30628D4A5422DD105B030BD01A8002300
:1058B00003700122427003714371012106F0D0FE92
:1058C000DBE78023DB001D43124B802292051A6523
:1058D00011480221FFF7EEFED6E710231D43FFF724
:1058E00081FFD3E708231D430A4B8022D2021A65A9
:1058F000FFF700FFCCE7074B802212061A65074826
:10590000FBF74EFE290061400548FBF749FEC04603
:105910000000115000301150D8190020B8D20010EA
:10592000CCD2001070B500281DD100F00BFB114C3B
:105930000C23A367104D29000520FCF7B5F8FF22C2
:1059400029000520FBF7A4FF0C48802292000021CB
:10595000FEF75EFA03232364094BE3649023094AAC
:10596000E250012070BD084B084ABF210848490099
:10597000FFF7A2FB000011504D580010D81900206D
:10598000008600207B040000E0D2001080DC0010C4
:105990003CD2001010B5002800D110BD034B044AC2
:1059A000D52104484900FFF787FBC046E0D200102C
:1059B00070DC00103CD200107047000010B50028C9
:1059C00008D1084B186DC0239B001840431E984116
:1059D000C0B210BD044B054AB8210548FF31FFF79E
:1059E0006BFBC04600001150E0D2001058DC0010E4
:1059F0003CD2001010B5031E0AD10A4A126D120AD9
:105A000003201040012802D0022808D1180010BD40
:105A1000054B064ADF2106484900FFF74DFB0548C4
:105A2000FBF7BEFD00001150E0D2001044DC001076
:105A30003CD20010ECD20010F8B5CE46474680B5F7
:105A400004000E00994608A90D7809A90B789C4618
:105A500043689846002B4DD08368002B51D0C16815
:105A6000002955D07F2318001040D709A27066770F
:105A70006770134253D17E3BE3704B462383E57638
:105A80002B4B4B4089064CD1AD061D43A0231B0672
:105A90002B436246002A02D0013A120413434246C5
:105AA000136001232370234B9C421FD00304334314
:105AB0001D00002F02D18025AD041D430020FFF7FB
:105AC00099FF0700300000F08BFC874202D0802352
:105AD000DB041D43A37F9B00174A944663445D602B
:105AE000A27F013201239340144A5365C0BCB946DA
:105AF000B046F8BD124B134A9B2113484900FFF7EB
:105B0000DBFA124B0F4A38210F48FF31FFF7D4FA66
:105B10000F4B0C4A9C310C484900FFF7CDFA00238B
:105B2000AAE70C4B074AA62107484900FFF7C4FA29
:105B300000001050D8190020000011500020115012
:105B4000FCD20010F8DB00103CD2001014D300107F
:105B500028D3001038D30010F8B50D1E26D001242C
:105B600000E001340F2C21D86001114BC018437F95
:105B7000AB42F6D10E4B6201D35C002BF1D00C4E40
:105B80001700827F0132012393400A4A5365837FC5
:105B90009B00094A9446634400225A60BA55436800
:105BA0001A6083681A6000F0EFF9DAE7F8BDC046C2
:105BB000D8190020003011500000115010B50028F5
:105BC00004D101210520FBF727FE10BD034B044A39
:105BD000F2210448FF31FFF76FFAC046E0D200100F
:105BE00034DC00103CD2001030B583B00D0014003E
:105BF000D0788007800FFFF79DFD002812D0A27893
:105C0000217963791B020B435B055B0DE178890702
:105C1000890FA479019400912900FFF70DFF01205D
:105C200003B030BD03490448044AFFF799FB002044
:105C3000F6E7C04624DC001054D30010090200002F
:105C4000F0B5D6464F464646C0B582B00E001500A8
:105C50009A460AAB1B8899467F271740D309984676
:105C600011003000FFF7F8FC041E1FD0837E002BCC
:105C700023D18378AB420AD0002F25D1038B002299
:105C80000192C27E00922A003100FFF7D5FE254B1B
:105C90009C421FD04A465146200000F0DFF9012007
:105CA00002B0E0BCBA46B146A846F0BD1E491F4846
:105CB0001F4AFFF755FB0020F2E71E4B1A4A8921C5
:105CC0001D488900FFF7F8F91C4B174A1A481C4970
:105CD000FFF7F2F94A465146200000F0BFF93B04B5
:105CE0003343184A13604346002B16D0164C00204D
:105CF000FFF780FE0500300000F072FB85420ED0F9
:105D0000402323430122190091430E4AD1640C2100
:105D10000339FDD2D3640120C2E70C4CE7E700232E
:105D2000EFE7C046D8190020E8DB001054D300107C
:105D3000210200006CD300103CD2001078D3001078
:105D4000290200000000115009860020058600206D
:105D50000020704770B582B00D00002304E0D45CD1
:105D60002448C4540133DBB2072BF8D90020FFF7D5
:105D7000E1FC041E28D0837E002B2CD1038B002253
:105D8000019200922900FFF757FE2678002E28D0B6
:105D90000823A382073BA376174B1D600020FFF763
:105DA00029FE0400280000F01BFB84421FD0134A88
:105DB000012311009943104BD9640C210339FDD202
:105DC000DA64300002B070BD0D490E480E4AFFF78C
:105DD000C7FA0026F5E70D4B094A0D480D49FFF7B4
:105DE0006BF90D4B064A0A480C49FFF765F90C4A56
:105DF000DEE7C0460000105000001150438600202E
:105E0000D8DB001054D300105F0200006CD30010E8
:105E10003CD200106202000084D300106602000031
:105E20000386002004E00A780270013101301A0074
:105E3000531E002AF7D17047F8B504000F00838A7B
:105E4000028B1E1C934200D9161CB6B29B1BA38268
:105E50008022D2003243E378002B13D08025AD019D
:105E6000154301225340E3706378002B0CD0A38AC2
:105E7000002B02D18023DB011D43002F00D02D0415
:105E80002800F8BD0025EBE7E068BB01C0182169D8
:105E90003200FFF7C7FF23699B19236180231B0290
:105EA0001D43E4E770B5040083681B68002900D037
:105EB0001B0C9D05AD0D6278002A11D11B0409D47D
:105EC000E38A5B19E382238BAB4201D90023A382CF
:105ED000280070BD0D4B0E4A0E48E821FFF7ECF884
:105EE0001B040DD52069E368890159182A00FFF7C2
:105EF00099FFE38A5B19E38223695B192361E2E777
:105F0000054B034A0348EE21FFF7D6F894D300105F
:105F1000B8DC0010B4D3001014D4001010B5040085
:105F200083681B680021FFF7BDFF63681B685B0087
:105F300002D5238B834200D010BD01212000FFF742
:105F4000B1FFF9E710B580235B040A4A13600A4ADF
:105F500013600A4B1A6880235B049343F9D18022B3
:105F6000520100210648FDF753FF064B09225A67EC
:105F700010BDC04600E0004000F0004008C00040F6
:105F80000000105000001150002383768382C382EA
:105F90000361704710B5002902D083681B6819405F
:105FA000002A10D0114352050DD5826813685B0595
:105FB0000CD4084B0B401360074B1B6C9B0702D49F
:105FC0000C23033BFDD28368196010BD8178034820
:105FD000FBF7E6FAFFFBFFFF0000115034D400107E
:105FE00070B5040043681E680021FFF725FF802577
:105FF0006D010543164B1B6C9B0715D5A3785B06FB
:1060000017D10023A28A002A01D0002B15D0114BF2
:106010001E4080239B053343626813602A000021E1
:106020002000FFF7B7FF70BDA378DB0903D1013370
:10603000E8E70123E6E70023E4E701212000FFF77A
:10604000FBFE0543044A3240A023DB051343E3E78C
:1060500000001150FFFFFFAFFFFFFFDF70B504002E
:106060000D001600837E002B09D1A6820023E38257
:106070000133A37625612000FFF7B2FF70BD817860
:106080000348FFF76DF92000FFF77EFFEDE7C046FC
:1060900054D4001070B50400857E002D06D0FFF7A3
:1060A0003DFFA38A002B05D1280070BD81780448EC
:1060B000FBF776FA2000FFF793FF0025F4E7C046D0
:1060C0008CD400104369C2781A707047002803D03E
:1060D000012001E00130C0B2002809D1054B562251
:1060E00042439B181B79DB07F4D40130C0B200E0B7
:1060F0000020704798120020024AD37810218B4369
:10610000D37070479012002010B504005622002171
:10611000FDF77EFE20000D300822FF21FDF778FEFE
:10612000200015302022FF21FDF772FE10BD000077
:10613000F0B5D6464F464646C0B50700884691465C
:1061400000240AE04B46002B20D02F4B56214A4317
:106150009B189B784B4519D02C00002C4ED1220067
:1061600056236343284E99198A46651CEDB29B5D00
:10617000BB42F1D153461B79DB07EDD54346002BDB
:10618000E0D053465B784345E6D1DBE71F4B002B5D
:106190000ED02800FBF77AF90AE0A21AD3009B1A66
:1061A0009B001B4A9B189B69280098470134E4B266
:1061B000184B1A78A24209D3EFD9174B1B68E2009B
:1061C000121B92009B18002BEDD1EFE7290038003D
:1061D000FFF7C2FC5046FFF797FF104B1B7BAB420B
:1061E000BAD10F4C20680121494206F029FA0B4B25
:1061F00000225A73206806F00BFAADE7E0BCBA46FD
:10620000B146A846F0BDC046981200208D1400107B
:10621000D4DD0010601F00207C12002080120020BE
:10622000F8130020F0B589B007000D0006AE144B3E
:10623000320003CB03C26C46182200216846FDF7EA
:10624000E7FD2770E5700F4DEB89019302962B68EF
:1062500003936B680493AB6805930B4E3068012180
:10626000494206F0EDF900236B73306806F0D0F96F
:10627000049B002B01D06846984709B0F0BDC0468A
:10628000F012002080120020F8130020F8B5DE463E
:1062900057464E464546E0B58046030001280DD1DD
:1062A000013B56265E43444BF6188A78CB781B0296
:1062B00013439A468A440D784D195DE00026F4E7B1
:1062C000EA789146ED1861E03C493D483D4AFFF7C8
:1062D00047F8002033E06B79022B5DD1AB79022BBC
:1062E0005AD1994658E035493548374AFFF738F8CA
:1062F000002024E0E31ADA00D21A9200334BD218BD
:10630000D3689B4630783B002A004146D847002896
:106310001BD10134E4B22E4B1B78A3422BD3E9D915
:106320002C4B1A68E3001B1B9B00D218002AE7D1F4
:10633000EFE722492248284AFFF712F80020F0BC74
:10634000BB46B246A946A046F8BD002291450BD9EE
:10635000AB789B18DBB2F118497BFF29E9D1F31820
:106360005C730132D2B2F1E723003A002900300019
:10637000153001F02BFCED19554519D22B78002B67
:1063800018D06A780B2A9BD0012399466B78042B8E
:106390009AD14B46012B9ED053465A1B92B2494686
:1063A000280001F026FC070008289CD90024B2E749
:1063B0000120C4E70120C2E7981200205CDD001034
:1063C00054D300108E060000A7060000D4DD001094
:1063D000601F00207C120020B506000070470000FE
:1063E000012806D1013856234343044A9B18D87824
:1063F0007047034BD8780007000FF9E79812002088
:1064000090120020034B1B78181A42425041C0B230
:106410007047C04694050020034B1878FF38431E90
:106420009841C0B27047C0469405002070B5060080
:106430000D00FFF7E7FF041E0ED1FFF7EDFF002868
:106440000CD02F4B1E7029003000FFF76BFA041E92
:106450004FD03000FFF7B2FB200070BD294C200068
:10646000FBF7B6FC143C200001F08CFF264B1C60AF
:10647000264C2000FBF760FC254B1C60254B002BB5
:1064800004D0254800E000BF244B1860244B0022B4
:106490001A60244856320021FDF7BAFC2248102227
:1064A0000021FDF7B5FC0024002C01D0002412E0EF
:1064B000562060431B4BC018FFF726FE0134E4B2A0
:1064C000F2E7A21AD3009B1A9B00184A9B185B683C
:1064D00098470134E4B2104B1A78A242B1D3F0D9F4
:1064E0000E4B1B68E200121B92009B18002BEED192
:1064F000EFE7A2220E490F48FF32FEF731FFABE76C
:10650000940500208C05002004140020FC130020BA
:10651000F813002000000000601F00207C12002003
:10652000901200209812002080120020D4DD00106C
:10653000C4DD001054D3001010B5FFF76DFF002824
:1065400000D110BD034B186801F08CFE01235840A8
:10655000C0B2F6E704140020012805D10138562303
:106560004343034AD05C7047024B1878FBE7C046B0
:10657000981200209012002070B582B005000E0025
:106580006C46072200216846FDF742FC0723237072
:10659000023B6370A6802800FFF7DEFF6A462900F1
:1065A000FFF722FB02B070BDF8B5CE46474680B576
:1065B00005000C007F231F000F40CA0990460B42C4
:1065C0001FD1FFF7C9FF274B1B7BAB4240D1254BA7
:1065D0005B7B002B02D1002399463BE0220029007F
:1065E000FFF7B6FB204C20680121494206F028F84D
:1065F0001C4B00225A73206806F00AF801239946C2
:1066000028E001282BD1431E56265E43174BF6186F
:106610007B00F318434430335B79DB07DA0F914694
:10662000002B17D030780A002900FFF791FB7F007C
:10663000F319434430335A7901218A435A710A4B82
:10664000196847443037F019053001F04DFA01E080
:10665000002399464846C0BCB946B046F8BD002361
:106660009946F7E780120020F813002098120020C6
:10667000F0B585B0050017001C00FFF76DFF0600A0
:10668000002F30D1444B5B7BDAB2022B08D0032AB7
:1066900059D0012A00D07CE0404BDB88002B2AD166
:1066A000A4B23D4FFC813E4C20680121494205F0D7
:1066B000C7FF03237B73206805F0AAFF374B1B78C5
:1066C000DB093ED180225242D2B20023009329003E
:1066D0003000FFF7B5FA041E0AD132493248334A76
:1066E000FEF73EFE04E039002800FFF79BFD012481
:1066F000200005B0F0BD2A4C20680121494205F078
:106700009FFF254B02225A73206805F081FF234B1F
:106710001B78DB0913D080225242204BD9881E4BB4
:106720001B68D2B2009129003000FFF789FA041EDD
:10673000DED11C491C481E4AFEF712FED8E7002293
:10674000EBE70022C0E7154B5B78092B05D0390039
:106750002800FFF767FD0124CAE7104B1B7803935D
:10676000002BF4D1012610E000213143C9B22800EA
:10677000FFF71AFF0134E4B2012C04D8002CF3D047
:1067800080214942F1E70136F6B20F2EDFD8039C93
:10679000F2E70024ACE7C04680120020F01200208F
:1067A000F813002044DD001054D30010F202000062
:1067B000E302000000487047F812002010B50128DD
:1067C00007D10138562358430C4BC0180379DB0717
:1067D00006D40B490B480C4AFEF7C2FD002010BD41
:1067E0007F230B40CA09094909685B009B183033B5
:1067F000C018053001F050F9F1E7C04698120020AA
:1068000020DD001054D3001063030000F8130020B3
:1068100010B5012817D10138562343430B4A9B1862
:106820001A79D207D00F002A00D110BD7F220A406A
:10683000C809074909685200121830329818053003
:1068400001F052F9F1E70020EFE7C046981200206E
:10685000F8130020F0B5CE46474680B585B00393C7
:10686000012844D1451E56246C43224D64197F26CD
:106870000E40CF0975006519ED1930356D79ED07BA
:1068800021D475006519ED1930239946A9444B466A
:106890005D79AC460125A846654643461D432B005D
:1068A0004D466B712578039B009313000A0001008D
:1068B0002800FFF7C5F9051E0CD0280005B0C0BCA4
:1068C000B946B046F0BD0C490C480D4AFEF748FDEC
:1068D0000025F2E74C4663790122934363716379A3
:1068E0000332934363710748FEF70AFDE5E700258D
:1068F000E3E7C0469812002000DD001054D30010DA
:106900008E030000B4D4001070B505000E00FFF730
:1069100067FD0100300001F003F9041E09D02800D2
:10692000FFF71AFE32002900FFF75EF9040020008D
:1069300070BD03490348044AFEF712FDF7E7C0465D
:10694000F0DC001054D30010B503000070B5050052
:106950000C00012807D1431E56205843184BC0187D
:106960000134E4B212E00020FAE793420CD89B1AFB
:10697000DA00D31A9B00134A9B181B6921002800D8
:106980009847082C13D070BD0134E4B2072CF8D816
:1069900003195B7B0C4A12789342E6D20B4A1268C9
:1069A000D900CB1A9B00D318002BEDD0E5E7FFF7F9
:1069B000A3FB074B002BE6D02800FAF759FDE2E7CE
:1069C00098120020D4DD0010601F00207C120020EF
:1069D0007114001030B583B00400C378002B0CD1C3
:1069E0007F4B00221A7005784369033B092B00D9BD
:1069F000F2E09B007B4AD3589F467B4BDB78DB065B
:106A000003D5774B1B78022B03D9FFF775FB03B037
:106A100030BD734D01332B70642000F0FDFF2978E9
:106A20007248FEF79DFC200000F050FA0028EED1DD
:106A3000EBE708210020FFF79FFD00280FD06C4BEB
:106A40006C49072200920132002000F097FB0028D9
:106A5000DDD1694969486A4AFEF782FCD7E7664991
:106A60006648684AFEF77CFCD1E700F0DBFACEE727
:106A7000022000F0D1FFA3689D78012D24D16B1E68
:106A800056245C43604BE41823790222134323719C
:106A9000554B18780021FFF75FF861792800FFF760
:106AA0006BFD002816D0524B524909220092093240
:106AB000280000F063FB0028A9D1B7224E494F48B7
:106AC000D200FEF74DFCA2E74B494C484F4AFEF777
:106AD00047FC9CE7484949484D4AFEF741FC96E788
:106AE000012D22D16A1E56235343474A9B18494A17
:106AF000118AD980518A1981917D9972D17DD9727B
:106B0000117E197308320A230193394B009309232C
:106B10000021280000F044FB002800D077E7364928
:106B200036483D4AFEF71CFC71E7B822324933482B
:106B3000D200FEF715FC6AE7364B5B8980225200D3
:106B4000934211D82B4A0B21019129490091002130
:106B5000280000F025FB002800D058E726492748E8
:106B60002E4AFEF7FDFB52E7453A23492348D2005F
:106B7000FEF7F6FB4BE71E4A0C230121280000F02C
:106B80001DFB002800D042E71B491C48244AFEF7A1
:106B9000E7FB3CE7012D13D16A1E562353431A4AE3
:106BA0009B181A7904210A431A7112492800FFF729
:106BB0006DFB00280AD0FF212800FFF7C7FE26E75B
:106BC0000D490E48174AFEF7CBFB20E70A490B4850
:106BD000154AFEF7C5FB1AE7FFF78EFA17E7C0461E
:106BE000621F0020C8DC001090120020BCD40010EE
:106BF000D5690010F812002094DD001054D3001065
:106C0000850500008105000098120020AD050000F8
:106C1000B4050000F0120020CB050000DD050000E7
:106C2000E3050000E9050000EF05000010B586B09F
:106C300003000078194A1070197951705B799370CC
:106C4000002902D0012006B010BDFEF7A3FE3220BD
:106C500000F0E2FE114C2078FEF7AEFEE12040008D
:106C600000F0DAFE2078FEF7A9FE002813D00B4CC6
:106C70002078FEF7BFFE0F230340E0780F229043F9
:106C80001843E070684600230370C3700333059314
:106C9000FFF7A0FED6E7FFF72FFAD3E79012002008
:106CA000F0B5C64600B584B08846FFF7B5FB0028AE
:106CB00000D06EE004B080BCB846F0BD032B68D1B4
:106CC000029B002B65D00398984762E0724BDB78FB
:106CD000DB064AD501AB19786F4B1B7899420BD173
:106CE00001AB1A796C4B5B789A4205D101AB5A79AA
:106CF000694B9B789A4226D0684C206801F0B2FA22
:106D0000060024686269EFF3108172B61368002BE5
:106D1000FCD0BFF35F8FA16101A9200001F0FBFA55
:106D20006269A369BFF35F8F0021116083F310884C
:106D3000002813D001AB187859784246FFF74EFB74
:106D4000002E26D0B6E75648FEF70AFB00210020A9
:106D5000FFF72AFC01A8FFF769FF1AE096225149C4
:106D600051485200FEF7FCFAEAE701AC21784F489F
:106D7000FEF7F6FA484AD37810210B43D37020006F
:106D8000FFF754FF05E001AB5A7919791878FFF73E
:106D9000CFF9424B1C686069EFF3108272B603684A
:106DA000002BFCD0BFF35F8FA26101A9200001F08E
:106DB0008CFA6269A369BFF35F8F0021116083F3CE
:106DC0001088002800D175E701AB5B78022B07D053
:106DD00000D973E7002B00D178E7012BD3D0D8E797
:106DE00001AA11797F230B40CE09907800280DD19C
:106DF000002B05D101AB5A79039BFFF739FCC8E79B
:106E00002B4929482B4AFEF7ABFA53E7012800D05B
:106E100050E7421E56245443274AA4182279D20729
:106E200000D447E75A00A218921930325779012549
:106E3000AF43577157790335AF435771002B15D0C6
:106E40005B00E418A419627D1C4B1B789A4213D294
:106E50001B4B1B68D400A21A92009B18002B14D065
:106E60005C6901AB5A79039BA04792E701AB5A7961
:106E7000039BFFF7FDFB8CE79A4206D8D21AD3009A
:106E80009B1A9B000F4A9B18EAE7094906480E4ADD
:106E9000FEF766FA0EE7C0469012002004140020A8
:106EA000D8D40010A8DD001054D3001000D5001075
:106EB000B4DD00102302000098120020601F0020A3
:106EC0007C120020D4DD00104B02000070B582B0AF
:106ED00004004378002B00D087E08368002B00D1AA
:106EE00087E00678002E0BD1454BDB78DB06DD0F03
:106EF000002B7BDA434B5B7B002B0FD0002575E02A
:106F0000012E00D077E0721E562353433E4A9B1851
:106F10001B79DB07DD0F002BECD167E03B4B1868DA
:106F20000121494205F08CFB364B5B7BDDB2002B27
:106F300010D1344B01225A731E730022DA81E268A9
:106F40001A6022695A6062699A60A1683048082212
:106F5000FCF764FF2D4B186805F05AFB002D4CD14F
:106F60003000FFF7F9FA2369002B0CD0284A3100D2
:106F7000FEF7F0FE051E39D1A522264926489200CB
:106F8000FEF7EEF932E06B46DA1D042313701D4B59
:106F90009A60224A5A601E4A3100FEF7DBFE051E47
:106FA0000ED06B4607331B78042B0FD1FFF7C4FAC2
:106FB0000028F6D0012000214042FFF771FEF0E7E3
:106FC00014491548164AFEF7CBF90FE06369002B08
:106FD00003D06A46073212781A706B4607331B7863
:106FE000E370084BDB89636000E00025280002B0F5
:106FF00070BD0025FAE70025F8E70025F6E7C04652
:10700000901200208012002098120020F813002017
:10701000F012002030DD001054D30010C5600010C5
:107020009E02000030B589B02B4B187B09384342D3
:107030005841C0B2FFF74AF8031E3DD0012842D1A3
:10704000421E55335343254A9B18254A117819701F
:107050005178597091789970D2781207120FDA70BE
:107060001A7901210A431A711B4AD27B5A7106AC64
:1070700023781F2293432370DBB241329343237062
:10708000DAB27F23134023700523637060800023EE
:10709000A380E380182200216846FCF7B9FE029421
:1070A000104B0493082305936846FFF70FFF041E57
:1070B0000BD0200009B030BD0B490C480C4AFEF73C
:1070C0004FF90024F5E70023BFE707490748094ABD
:1070D000FEF746F9EDE7C046F012002098120020B6
:1070E00090120020D56900107CDD001054D30010F0
:1070F0004C0600006B060000F0B5C64600B588B02F
:10710000060098460EA880C8058806AC20781F2384
:1071100098432070C0B2413398432070C3B280209E
:1071200040421843207006206070090211436180BC
:107130004346A380E5806D46182200216846FCF78F
:1071400067FE2E7002940397109B0493119B059386
:107150006846FFF7BBFE08B080BCB846F0BD30B54E
:1071600085B008AC24880A9D0395099D0295019479
:1071700000930023FFF7C0FF05B030BD10B584B009
:10718000141C122A00D91224A4B2069A0292019366
:1071900000940B0000220121FFF7E1FF04B010BDB5
:1071A00010B584B0079C0294069C019400931300D0
:1071B0000A000221FFF7D3FF04B010BDF0B5C646A8
:1071C00000B588B0804617001E0006AC23781F2249
:1071D00093432370DBB2413293432370DAB27F23AF
:1071E000134023700923637061800023A380E38030
:1071F0006D46182200216846FCF70AFE43462B70B4
:107200000294049705966846FFF760FE08B080BCBC
:10721000B846F0BD10B504000020002801D0FF20C2
:1072200010BD104BDC224243D35CA34202D001309C
:10723000C0B2F2E70B4BDC2242439B181B798B4216
:10724000EED0084BDC2242439B1839331B788B422B
:10725000E6D0044BDC2242439B185B7D8B42E6D197
:10726000DEE7C0460C18002030B505000023002BD7
:1072700001D0002030BD0A4ADC245C43A25C002A15
:1072800002D00133DBB2F2E7054AA018A5548B788F
:1072900043708B798370CB79C3700023C373E9E7A4
:1072A0000C18002010B5002807D1DC234343074AFF
:1072B00098189B5C002B07D010BD05490548EC22AF
:1072C000FEF74EF80020F7E70020F5E70C18002045
:1072D00098DE001054D30010F0B5CE46474680B576
:1072E00089B006000F001500984606AC23781F22CF
:1072F0009343012213432370DAB260239A4320237D
:107300001A432270D2B27F2313402370202363706C
:10731000002363804378A3800723E380FFF74AFAC2
:10732000814607223900FCF779FD35616F46182246
:1073300000216846FCF76CFD33783B7002944B46A5
:107340000393002D00D00B4D6846049543460593EA
:10735000FFF7BCFD041E05D0200009B0C0BCB94633
:10736000B046F0BDEE22044904489200FDF7F8FF54
:10737000F2E7C046C576001084DE001054D300103A
:1073800030B583B00C008568694600950C714A7170
:107390008B71079B069AFFF79FFF03B030BD30B596
:1073A00083B00D00C479A40702D4002003B030BD1F
:1073B00069468468009484898C80847B8C710095F4
:1073C000FFF78AFFF2E70000F0B58BB0050016006A
:1073D0000193C3799B0735D508AC23781F229343CB
:1073E000012213432370DBB2602293432022134314
:1073F0002370DAB27F2313402370222363706180ED
:107400004378A3800023E380066102AF18220021A5
:107410003800FCF7FDFC2B783B700494002E00D064
:10742000094E02A80661019B4361FFF74FFD041E50
:1074300002D020000BB0F0BD04490548054AFDF715
:107440008FFFF6E70024F4E7C576001044DE001055
:1074500054D300109703000070B504000800150015
:107460000123A371074B002B01D0FAF71DF821006F
:107470003831207800F09CFC20782900FFF766FA6C
:1074800070BDC046A9140010F8B505000C00002618
:1074900027E02D492D482E4AFDF762FF002750E0D6
:1074A000B622294929489200FDF75AFF49E02800F1
:1074B0001C3000F067FFA3786B75227963791B029B
:1074C00013435B055B0D234A944663445A42534180
:1074D0005B002A7D02218A4313432B752378E4182D
:1074E0000136012E2CD86378052BD2D1E278023BED
:1074F0001340022BCDD128782100FFF705FA071E93
:10750000CED0A378DB09012BD1D12F00383728004A
:10751000403000F037FFA37838227B7021796379FF
:107520001B020B435B055B0D0A498C4663445942C1
:107530004B415B00A95C022081430B43AB54CDE778
:1075400001273800F8BDC04610DE001054D30010EB
:10755000D602000000FEFFFFF0B5C64600B580462B
:107560000E008D18FFF780FE071E4AD000234371DE
:107570003478341901E02378E418AC4208D26378F7
:10758000242B05D1A378022BF5D1E378FB71F2E728
:107590003379012B07D06378042B20D001252800F4
:1075A00080BCB846F0BD6378052B06D01649174855
:1075B000174AFDF7D5FE0025F1E721004046FFF709
:1075C000A3F9051E04D0A3783B712378E418E2E701
:1075D000D1220D490D489200FDF7C2FEDFE7637925
:1075E0000A2B01D00125DAE7217861183800FFF76E
:1075F0004BFF051ED3D104490448064AFDF7B0FEEF
:10760000CDE70025CBE7C04624DE001054D30010A0
:10761000410300005103000010B5040000200028C1
:1076200001D0FF2010BD084BDC224243D35CA342B3
:1076300002D00130C0B2F2E7034BDC2242439B1878
:107640005B788B42F5D1EDE70C18002070B5040093
:107650000078FFF7E1FFFFF725FE051E17D0A168B0
:107660008878CB781B020343E278002A08D16A7934
:10767000002A05D14A78202A10D0222A00D1EB73A3
:107680002B692361002B01D02000984770BD9C22FC
:107690000A490B48FF32FDF763FEF7E78A79CB7999
:1076A0001B0213431A1C072B00D9072292B2280091
:1076B0000830E168FCF7B2FBE2E7C04660DE00108C
:1076C00054D3001010B583681979FFF7BFFF10BDC0
:1076D00070B5466983681D7900782900FFF79CFF23
:1076E0000400FFF7DFFD002802D0022E07D970BD8D
:1076F000D722064906489200FDF732FEF7E701352A
:10770000EAB22100FFF7A8FEF1E7C04630DE001024
:1077100054D3001070B50C001500FFF7C3FD00280E
:1077200007D00100383100782B00220000F0C2FBA6
:1077300070BD0020FCE70000F0B5C64600B582B081
:107740000F0015001E00FFF7ADFD041E2ED042797C
:10775000002A2DD1002D0CD0164B52019B181B690D
:10776000984633002A003900C04702B080BCB846B2
:10777000F0BD6B460733042119700E495201891878
:107780000A6990462A003900C047002E03D06B4694
:1077900007331B7833700028E7D06B4607331B781C
:1077A000002B01D1E773E0E70020DEE70020DCE7F3
:1077B0000020DAE7A0DE0010F0B5CE46474680B5DF
:1077C00085B01E48DC220021FCF722FB0025002D9D
:1077D00005D0012005B0C0BCB946B046F0BDDC24E0
:1077E0006C4323005833154A904643440433EE015A
:1077F000134A9146B218200010304044043040270C
:10780000039702920197009300230122012100F0C7
:1078100011FA230098334344043340364E44303445
:1078200020004044083003970296019700930023FC
:107830000022012100F0FEF90135C8E70C180020F4
:10784000E818002070B50025002D01D0012070BD82
:10785000DC246C4320001030054E8019043000F009
:107860001AFA3034A019083000F015FA0135EBE7A8
:107870000C18002070B505000024002C00D070BD4D
:1078800026000D4BDC226243D35CAB4202D00134B4
:10789000E4B2F2E7094B002B02D0200000E000BF69
:1078A000054BDC2171430022CA545B185A709A714F
:1078B0005A7539331A70EAE70C18002000000000EE
:1078C000F0B583B007000E000193002A12D1FFF734
:1078D000A1FC0500FFF7E6FC041E13D0437DB34274
:1078E00017D03923C35CB34229D00379B3423FD1C7
:1078F000012005E022492348234AFDF731FD0020FD
:1079000003B0F0BD1E491F48204AFDF729FD0020A5
:10791000F6E71F4B002B02D0280000E000BF143414
:107920002100380000F0FEF9002801D00120E7E72F
:10793000019A2100380000F0B1F90120E0E70300CE
:1079400040339B88002B0CD1124B002B02D0280017
:10795000F9F7B6FD21003831380000F029FA01208E
:10796000CEE7C16B6B469A88403000F006FDEBE72E
:1079700003490448084AFDF7F3FC0020C0E7C0466D
:1079800000DE001054D30010A3020000A702000084
:1079900000000000C1140010CA02000010B5080069
:1079A00011005279022A01D0002010BD8A79022AE2
:1079B00001D00020F9E71A00FFF7CEFDF5E700003F
:1079C00010B588B006ACA1806B4618700022DA7042
:1079D00002940592FFF720FEFFF764FC00280BD00D
:1079E0004379002B08D1084A5B01D218D368684656
:1079F0009847012008B010BD04490548054AFDF725
:107A0000AFFC0020F6E7C046A0DE0010F0DD00105D
:107A100054D300101B03000010B5FAF727FD10BD6A
:107A200010B582B000290AD001281CD80B78002B91
:107A300019D0164A1354022B1ED0012419E001A9B3
:107A400002230B7000234B700020FEF7EFFC041E96
:107A500003D00E4B02221A700BE00D490D48512243
:107A6000FDF77EFC05E00A490A485A22FDF778FC3A
:107A70000024200002B010BDFEF7D8FC041EF8D18F
:107A8000034904486522FDF76BFCF2E794120020DD
:107A900030DF001054D3001070B504000D000378DF
:107AA000DB07D80F002B1DD123785B07DE0F002BDF
:107AB00019DB01214942280004F0C2FD2378DB07CD
:107AC000DA0F002B07D123785B0709D4237804222F
:107AD000134323700126280004F09AFD300002E0D1
:107AE0001600F8E7002070BD70B506000C000121FB
:107AF0004942200004F0A4FD33785B07DD0F002B22
:107B000004DB200004F084FD280070BD3378DB071F
:107B100004D43378042293433370F2E70025F0E76E
:107B200010B5027943791B0213435B055B0DC278E4
:107B30009207920F022A14D0032A2DD0012A3CD199
:107B4000022904D01E4A9A4204D3012036E0802242
:107B5000D200F8E71B491C48D122FDF701FC0020A8
:107B60002CE0022903D0402B0FD8012026E08022F0
:107B70009200934201D1012020E012491248293A93
:107B8000FF3AFDF7EDFB002018E00E490E48DB221E
:107B9000FDF7E6FB002011E0022904D040229A42C2
:107BA00004D301200AE08022D200F8E70549064804
:107BB000E122FDF7D5FB002000E0002010BDC0460B
:107BC000FF0300001CDF001054D3001030B58A18EA
:107BD00001E00C78091991420AD24C78052CF8D1B1
:107BE0008D787A342C4064000419ED096355F0E770
:107BF00030BD70B50600030000200C000139C9B289
:107C0000002C16D03478201880B21C781B1902E0A2
:107C1000201880B21B199042EFD21C78002CECD0B7
:107C20005D780B2D05D0042DF2D1DD78002DEFD13C
:107C3000E3E770BDF0B585B0040003920AAA40CA1C
:107C400017880DAA158801220A4001780120814376
:107C50001143217020000830009301233A003100C5
:107C600000F0ACFA002E01D0002F05D10C9B636010
:107C70006580012005B0F0BD26001C363000FAF703
:107C80005BF8039B002B04D0330000266361A661E0
:107C9000ECE70023FAE7012070470000F0B583B05D
:107CA00006000C0015000B789B0711D58027BF003C
:107CB0002000083000F0C0FA002827D1002D28D07D
:107CC000013F3D4227D12378DB0703D400201EE08B
:107CD0004027EDE761783000FEF770FD0028F5D011
:107CE0002378DB0707D4B5220C490D485200FDF775
:107CF00037FB00200BE06178002301930093002202
:107D00003000FEF7A7FD002801D1ECE7002003B00A
:107D1000F0BD0020FBE70020F9E7C046F8DE0010C8
:107D200054D3001070B582B005000C000E00083668
:107D3000300000F081FA002834D02378DB0702D429
:107D4000002002B070BD61782800FEF737FD0028E2
:107D5000F6D061686288300000F0D8FA061E17D0AD
:107D60002378DB0707D4BC220F4910485200FDF7E7
:107D7000F7FA0020E5E76178626800230193009339
:107D800003002800FEF766FD0028ECD03000D8E79D
:107D90002378DB0701D40020D3E761782800FEF7C1
:107DA00037FDF8E70020CCE7DCDE001054D30010EC
:107DB000F0B583B005000C008B89002B26D10B7821
:107DC000DB0702D4002003B0F0BD4978FEF7F6FCD3
:107DD0000028F7D063882278D20707D4D922334904
:107DE00033485200FDF7BCFA0020ECE76178002B25
:107DF0000AD062680020019000902800FEF72AFD5A
:107E00000028EBD06088DEE70022F3E70B789B07C1
:107E10000DD58026B60027000837380000F03EFA5E
:107E2000864240D82378DB0703D40020CBE74026E6
:107E3000F1E761782800FEF7C1FC0028F5D0380092
:107E400000F02CFA864224D87642B6B262883040DE
:107E5000031C904200D9131C9EB22378DB0707D481
:107E6000C82212491248FF32FDF77AFA0020AAE729
:107E70006178002E0BD062680023019300933300D9
:107E80002800FEF7E7FC0028EAD030009BE700223C
:107E9000F2E72378DB0701D4002094E7617828001B
:107EA000FEF7B6FCF8E700208DE7C046C0DE001004
:107EB00054D3001070B506000C0011009AB22000D7
:107EC000083000F023FA050021003000FFF770FFB2
:107ED000280070BD03008A1890B2814202D85A006F
:107EE000904203DB5B009BB2C01A80B2704770B552
:107EF00005000800AC889A420BD3D11A89B2002938
:107F00001ED08C4210D2944209D8121B93B26B81BE
:107F10000AE0D11A89B26600891989B2EFE7A2187E
:107F200093B2F4E71B1B9BB29C42FBD92968EA88F9
:107F30005204520C5343C918FBF770FF012070BD67
:107F40000020FCE7F8B5CE46474680B505008C46D4
:107F500008A909788488E01A80B21C1B1419A4B2FD
:107F6000EF887F047E0C07007743BFB27443A4B24E
:107F7000A1462C68A04673434344002906D1904291
:107F800008D3724319006046FBF748FFC0BCB946EE
:107F9000B046F8BD3A00190064462000FBF73EFFEA
:107FA0002968E0194A46FBF739FFEFE7F0B5C64606
:107FB00000B582B01E0008AB1B8809AC2778848806
:107FC0009E420FD3F51AADB2002D1FD0AC4205D2A0
:107FD000B44210D8331B9BB24381250095420FD386
:107FE00015000DE0F51AADB2A8466500AC46454651
:107FF0006544ADB2E8E7A619B3B2EDE71B1B9BB22F
:108000009C42FBD900972A00FFF79CFF280002B092
:1080100080BCB846F0BDF0B583B004000D0016007A
:108020001F000069002803D00121494204F008FB29
:1080300023899BB2628901970092320029002000B7
:10804000FFF7B4FF0500618989B2A0882A00FFF715
:1080500041FF60812069002801D004F0D9FA28008E
:1080600003B0F0BDF8B5CE46474680B505008C4656
:1080700008A90878AC88E11A89B21C1B1419A4B2AB
:10808000EF887F047E0C0F007743BFB27443A4B225
:10809000A1462C68A04673434344002806D1914270
:1080A00008D3724361461800FBF7B8FEC0BCB9465E
:1080B000B046F8BD3A00644621001800FBF7AEFE5A
:1080C0002868E1194A46FBF7A9FEEFE7F0B585B04D
:1080D00006000391171E029300D16DE0C0680028CE
:1080E00003D00121494204F0ABFA3489A4B271896A
:1080F00089B2F379DB0918D1B3888C420FD3611AA6
:1081000089B28B4256D95B1A9BB23A1C9F4200D966
:108110001A1C95B2002D45D0B288230033E0611AB5
:1081200089B25A00891889B2EBE7B588BD420ED8EA
:10813000029B002B21D17B1BF7887F047F0C5F43C0
:10814000039B9C46BC44634603930C00E2E78C42CD
:108150000DD3631A9BB2DB196A0093420FDBEA1B53
:1081600092B22800FFF7B6FE04003D00D2E7631A82
:108170009BB26A009B189BB2EDE70C00CAE73D007A
:10818000C8E79B1A9BB29A42FBD9029A00922A0036
:1081900003993000FFF766FFB0882A002100FFF73F
:1081A00099FE3081F068002801D004F031FA2800EF
:1081B00005B0F0BD0025F5E71500F8E7F0B583B090
:1081C0000400019116001D0008AB1F7880231B02DC
:1081D0009A422DD8C068002803D00121494204F0FA
:1081E0002FFA2069002803D00121494204F028FA1F
:1081F000019B2360A6806D046B0CE588ED0BED03FD
:108200001D43E580FB01E2797F2717401F43E7719B
:10821000002363812381E068002801D004F0F8F98D
:108220002069002806D004F0F3F9012003B0F0BD66
:108230000020FBE70120F9E710B5828801898BB2A5
:10824000408984B2884207D81B1B9BB2101C9A42FB
:1082500000D9181C80B210BD1B1B9BB251005B18CB
:108260009BB2F3E703894089181A43425841C0B2D0
:10827000704710B58488028993B2418988B29142CF
:1082800006D81B1A9BB20020A3424041C0B210BDC9
:108290001B1A9BB262009B189BB2F4E710B5828850
:1082A00001898BB2408984B2884206D81B1B9BB2DD
:1082B0009A4208D9D01A80B210BD1B1B9BB2510044
:1082C0005B189BB2F4E70020F6E770B504000D00E0
:1082D0000069002803D00121494204F0B1F9228944
:1082E00092B263899BB229002000FFF700FE0500CF
:1082F000618989B2A0882A00FFF7ECFD60812069BE
:10830000002801D004F084F9280070BD10B50023C6
:10831000FFF781FE10BDF8B504000E00C06800280C
:1083200003D00121494204F08BF92589ADB2200028
:10833000FFF79FFF002802D0E779FF0916D0A28837
:108340002B0001E09B1A9BB29A42FBD92068E2887D
:108350005204520C5343C0183100FBF75FFDA08854
:1083600001222900FFF7B6FD20810127E0680028DF
:1083700001D004F04DF93800F8BD10B50023FFF727
:10838000A5FE10BD10B50400C068002803D001216F
:10839000494204F055F92069002803D001214942DF
:1083A00004F04EF9002363812381E068002801D0A6
:1083B00004F02EF92069002801D004F029F90120E9
:1083C00010BD000010B5024800F004F810BDC04612
:1083D000501C002070B588B0040004AD0D220021AF
:1083E0002800FBF715FD0D2200216846FBF710FD64
:1083F0004B232B700D226946280004F001F900235D
:1084000004E05A1D69468A5CE2540133072BF8DD0B
:1084100008B070BDF0B5C64600B582B007000E00CA
:108420001400984608AB1D884346CB189BB25219DE
:1084300092B20092220000F0A3FC00280CD10DE0C3
:1084400000220092434622003100380000F008FC70
:108450000134A4B2013DADB2002DF1D102B080BC17
:10846000B846F0BD10B582B003681B7C446B59431D
:10847000C90089B264180094002100F03FFF02B0E7
:1084800010BDF0B5C64600B506003823C75C013301
:10849000C55C03685B7C984600242A0021003000FC
:1084A000FFF7E0FF0134E4B20135EDB2A74201D994
:1084B000A845F2D880BCB846F0BD10B503681A7C58
:1084C0003823C35C5A43D200406B0021FBF7A0FC69
:1084D00010BD10B50400FFF7D4FF200000F039FFF5
:1084E00010BD000070B584B004000D000A480B49AF
:1084F000009313000200200000F04EFF0F266E4490
:10850000300000F059FF0100054B32780095200043
:1085100000F029FD04B070BDA99000107992001000
:10852000AF8D0010405C70474218435C1B025078CE
:10853000C01880B270470020704770B504000D006D
:1085400000212800FFF7EEFF207001212800FFF72F
:10855000E9FF607002212800FFF7E4FFA07003210B
:108560002800FFF7DFFFE07004212800FFF7DAFFA3
:10857000207105212800FFF7D5FF60710621280032
:10858000FFF7D0FFA07107212800FFF7CBFFE071B4
:1085900008212800FFF7C6FF207209212800FFF7F5
:1085A000C1FF60720A212800FFF7BCFFA0720B21F7
:1085B0002800FFF7B7FFE0720C212800FFF7B2FF99
:1085C00020730D212800FFF7ADFF60730E212800F6
:1085D000FFF7A8FFA0730F212800FFF7A3FFE073A8
:1085E00010212800FFF79EFF207411212800FFF7BB
:1085F0009BFF608213212800FFF796FFA0821521C0
:108600002800FFF791FFE08270BD70B50400037B86
:10861000066835781D41E8B25A18D2B2072A0AD93D
:108620000820C01AC0B2731C2360737883402B43A8
:10863000D8B2083AD2B201235B428B4098432273EE
:1086400070BD70B50500040060340166002323731B
:108650007833C15C2000FFF7D8FFA0727923E95C72
:108660002000FFF7D2FFE0729223EB5CA3735A4223
:108670005341E37370BD10B50C00FFF7C6FF013C1A
:10868000E4B20123A340C01A40B210BD012B06D0B2
:10869000022B07D0002B08D1801880B270474018F9
:1086A00080B2FBE7801A80B2F8E7401A80B2F5E7A3
:1086B000012B06D0022B07D0002B08D1401880B226
:1086C0007047801A80B2FBE7401A80B2F8E7801842
:1086D00080B2F5E7F0B5DE4657464E464546E0B572
:1086E00089B00792030060331A7A90465B7A03934D
:1086F000894606001BE04B46059321E033006033BA
:10870000997B9223F15453460093059B06993000C0
:1087100000F0A6FAA94541D343461C1B4C44E3B2E2
:108720009946039B0133DBB2039300239846330041
:1087300060339C7A4346E51AEDB2A945DBD3059533
:10874000330060339888DA88049241464FB26A4613
:108750000C2151568B461B7C9A460A003900FFF7C4
:10876000A7FF069053465A4639000498FFF78EFF3C
:108770000200079B002BC1D1330060335B7B002BD1
:10878000C8D133006033D97B9223F1545346009310
:10879000059B0699300000F063FABBE759463700A5
:1087A0004E46320042443B0060331A72597209B09F
:1087B000F0BCBB46B246A946A046F0BDF0B5DE46C9
:1087C00057464E464546E0B587B004000500603583
:1087D000FFF737FF6B23E3569A467A23E15C2800C4
:1087E000FFF749FF81467B23E15C2800FFF743FF49
:1087F00006007C23E15C2800FFF73DFF03900A237D
:10880000EB569846002B78DD5644F6B2764277B2A6
:108810002B7C9B46A8883A004946FFF749FF059004
:108820000490A880E8885B463A004946FFF72EFF8F
:108830000200E8805B46022B67D013D8002B21D0C2
:10884000012B0DD1059B5146591A89B201310133D3
:108850009BB24646B6B2801980B289B2049119E043
:10886000059B17E0032B0BD1059B53449BB242465B
:1088700092B2821A92B20132013080B292B209E011
:10888000059B07E043469BB205998C4663449BB227
:10889000504480B200900499200000F071FA002842
:1088A0002BD02300603300221A725A727623E15CC7
:1088B0002800FFF7AAFE07007723E15C2800FFF7F6
:1088C000A4FE0600002239002000FFF703FF01226A
:1088D00031002000FFF7FEFE01212800FFF795FE82
:1088E0000028EFD1230060335B7A5BB25345DDDBB8
:1088F000230060339A7B9223E254039807B0F0BCC4
:10890000BB46B246A946A046F0BD434699B2059B78
:10891000591A89B2013101339BB25246821A92B27E
:108920000132013080B292B289B20491B2E770B5DF
:108930000D00846D1734FF2914D8602903D98823CA
:10894000C35AE41806E0402904D98623C35AE41820
:1089500000E0E4186378002B20D02278AA42F8D1F6
:10896000A01C1CE08A23C35AE41826000021300012
:10897000FFF7DAFD241802213000FFF7D5FD043699
:108980008542F3D801E0A378E418227812026378D4
:10899000134305D09D42F6D1E01C00E0002070BDDD
:1089A0000020FCE710B504006420215266216252C9
:1089B00019002000FFF7BBFF011E04D02000FFF7C5
:1089C000FDFE80B210BD0020FCE770B50400FFF78B
:1089D000AEFF011E16D02000FFF733FE25006035E4
:1089E0007A23E15C2800FFF746FE9023E054153B14
:1089F000E15C2800FFF73FFE7C23E15C2800FFF7E5
:108A00003AFE70BD0020FCE7F0B5C64600B5040094
:108A10000D006A230022C25400F0D4FA40235B42C6
:108A200098460027002601E0F619B6B26368297857
:108A300020009847144A90420FD00135134A9042C3
:108A4000F4D001002000FFF7C0FF87B24346403357
:108A5000EAD19023E3569846E6E76A23E356002BD3
:108A60000ED0F71BBFB29BB2DB199BB29022A65669
:108A7000B6B2F618B6B24346002B01DD4644B6B294
:108A8000300080BCB846F0BDFFFF0000FEFF0000D4
:108A9000F8B504000D0016001F007023C35C022B04
:108AA0001BD008D8002B0DD0012B0FD1C36D9847D8
:108AB0002D1AADB20AE0032B08D1C36D98472D18CB
:108AC000ADB203E0C36D98473618B6B23B00320032
:108AD00029002000FFF766FFF8BDC36D9847361ADE
:108AE000B6B2F3E7F0B5C64600B504000F001600B5
:108AF0001D0000F067FA0023984609E0032B04D11B
:108B0000361AB6B201E03F18BFB2404483B298466D
:108B100063682978200098470F49884218D00135AA
:108B20000E498842F4D00300320039002000FFF7DC
:108B3000AFFF7023E35C022B07D0DFD8002BE2D01D
:108B4000012BE2D13618B6B2DFE73F1ABFB2DCE73D
:108B5000404680BCB846F0BDFFFF0000FEFF0000AD
:108B600010B5024C4460FFF7BDFF10BDAD8F001083
:108B700030B5836D002B1DD08123C2560D33C254F6
:108B80000C3BC3568F2143540239415C002911D05C
:108B9000012910D07E214156802404570D19AA4284
:108BA00004DAC9B2E2B289188E228154A34201DDEF
:108BB0008F23C45430BD823141568A4201DA8E225D
:108BC0008154842282569342F4DD8F23C254F1E70C
:108BD000014BC3657047C0463785001010B50400CF
:108BE000836D8B4206D081657430FFF7A6FC2000B0
:108BF000FFF7BEFF10BD000010B5024B4360FFF74A
:108C000003FF10BDAD8F001030B505880C886419C6
:108C1000A4B2A54203D99D4210D25C1EA4B29D42CB
:108C20000ED294420ED9954200D32A009C4200D81D
:108C3000230002809B1A0B80012030BD1500EEE757
:108C40000020FAE70020F8E730B583B006AC2578BD
:108C5000C48F121B92B2C46A0095A04703B030BD06
:108C600070B584B0040008A805780E20684401801F
:108C700003A90A800A226A4413808C23E35C002B38
:108C800030D01388002B2DD0012B03D9022D2BD0EF
:108C9000032D30D001231E002E402B4233D14B3305
:108CA000E25A03AB1B889A421CD84E22A25A934226
:108CB00018D24A23E35A4822A25A0A2169440E20B4
:108CC0006844FFF7A1FF00280CD0236B9D680A239E
:108CD0006B441B8803AA12880E21694409880096F8
:108CE0002000A84704B070BD0288D31A9BB203804D
:108CF00001330380CEE703A90A88D31A9BB20B8005
:108D000001330B80C6E74823E25A3A3B6B441B8889
:108D10009A42E7D84A22A25A9342E3D24E23E35A18
:108D20004C22A25A0A21694403A8FFF76DFF0028CC
:108D3000CBD1D7E710B582B000240094FFF790FFA5
:108D400002B010BD10B582B001240094FFF788FF77
:108D500002B010BD8A4205D2834209D89A4209D98D
:108D6000012006E0834207D99A4207D9012000E09A
:108D7000012070470020FCE70020FAE70020F8E718
:108D800070B506000C001D0004AB1B884E21415A33
:108D90004C20305AFFF7DEFF002807D04A23F15A53
:108DA000023BF05A2B002200FFF7D4FF70BDF0B554
:108DB000C64600B5884606AC26780727174001242A
:108DC000BC40E4B29225415D01291DD9002501294D
:108DD0001CD007218A430168097C4A4392B2416B47
:108DE0008C46424411006144002E19D10A782A436E
:108DF000D2B20A7062400A700131013B9BB2002B73
:108E0000F4D180BCB846F0BD2500E0E70024E0E7DF
:108E1000012519E06D00EDB26400E4B2002BF0D042
:108E20000A782A43D2B20A7062400A707A1C072676
:108E300037001740013B9BB21642EBD1428F891895
:108E40009222825C012AE3D9012AE7D00124E5E7D6
:108E500070B501683823C35CDA0082870A7CD200CF
:108E600042873922855CEA00C2875E194C7CA642A3
:108E700001DD641BA3B2DB009BB240240253023429
:108E80000253D21802538A8A4423C252CA8A023336
:108E9000C25270BD10B5FFF7DBFF10BD10B582B038
:108EA00004005223C35A5422825A5021415A562058
:108EB000205A00902000FFF763FF002804D18C2384
:108EC0000022E25402B010BD8C230122E254443B44
:108ED000E25A0833E35A9A4201D24822A3524A2363
:108EE000E25A0833E35A9A4201D94A22A3524C2348
:108EF000E25A0833E35A9A4201D24C22A3524E233B
:108F0000E25A0833E35A9A42DCD94E22A352D9E7F7
:108F100010B548230022C252043BC25A0633C25243
:108F20000A3BC25A0C33C2520A3BC25A0C33C252D9
:108F3000FFF7B4FF10BD10B582B004AC24780094E4
:108F4000FFF782FE02B010BD10B5002350228352FD
:108F500004328352013B023A835204328352036B40
:108F60005B68984710BD70B5040004980025A5659E
:108F7000E36261633823E2540133E5543433E5544A
:108F80002433E554043BE5548C3B9222A354013234
:108F9000A35420630368200098472000FFF7D4FF04
:108FA0002000FFF715FE7023E55470BD002903D0A3
:108FB0000A2903D0080070470148FCE70048FAE797
:108FC000FFFF000026230022C2547047F8B50400BA
:108FD0000D00160000F007FA4021200000F0F9F91A
:108FE000276933002A0017212000B847200000F02D
:108FF00001FAF8BD10B50A00C46800231521A04786
:1090000010BD10B50A00C46800231621A04710BD8A
:1090100010B51300C4680A001721A04710BD10B591
:10902000C468002300221821A04710BD10B5C468F1
:10903000002300221921A04710BD70B582B00600A0
:109040000C0009E015292DD32A786B46DA71F568F2
:1090500000233000A84702342178651C19290FD855
:10906000182918D21629EDD917291BD163786A4619
:109070000732137001213000FFF7CAFF0234EBE71B
:10908000FE290FD12A786B46DA712921300000F0D1
:1090900067F90234E0E7F468002300223000A047BB
:1090A0002C00D9E702B070BDF8B5070014001E000F
:1090B0000D00143DEBB2052B59D89D002D4B5B598B
:1090C0009F462D4B1B78002B0FD1380000F08BF9F9
:1090D0000021380000F07DF92100380000F079F916
:1090E000254B01221A700120F8BD00F083F9ECE74E
:1090F000110000F06EF90120F6E71F4B1B78002BE2
:109100000AD000F077F907E0320018213800FFF7A5
:109110005DFF183CE4B21836182CF5D83200210057
:109120003800FFF753FF144B00221A700120DBE7D1
:109130002423C35CFF2B05D03D6933002200380097
:10914000A847D1E7DB3B7822C254F5E70A4B00225F
:109150001A700120C8E7084B1B78002B04D1064B7E
:1091600000221A700120BFE700F044F9F7E7002061
:10917000BAE7C046B0000110631F0020F8B5050033
:1091800014001E000A39CBB2052B67D89900344B66
:109190005B589F4600F083F832492800FFF74DFFE7
:1091A0000120F8BD002A04D12F49FFF746FF012016
:1091B000F7E72E49FFF741FF0120F2E7002A08D127
:1091C0002B49FFF73AFF2B689A7C2223EA540120AF
:1091D000E7E72849FFF731FF2B68DA7C2223EA54BE
:1091E0000120DEE7FFF71BFF81212800FFF702FFC8
:1091F00021002800FFF705FF2800FFF717FF0120D7
:10920000CFE7FFF70CFF7379DB00DBB22222AF5C04
:10921000FF18FFB2390910231943C9B22800FFF71C
:10922000E9FE0F2139402800FFF7E4FEB379502111
:1092300049421943C9B22800FFF7DCFE3179326890
:10924000C900C9B22800FFF7E3FE013CE4B2002CDC
:10925000F4D12800FFF7EAFE0120A2E70020A0E7F2
:10926000C8000110180101101001011008010110BF
:1092700000010110F800011010B5092902D0FFF714
:109280007DFF10BD024900F005F80120F9E7C04656
:10929000E000011001608A7C2223C254704770B53F
:1092A00004004569002300222821A847E56800231F
:1092B000002214212000A84701224B21200000F0A9
:1092C0004FF823681A792921200000F049F800227C
:1092D0004B21200000F044F823681A79292120004E
:1092E00000F03EF801224B21200000F039F82368FD
:1092F0005A792921200000F033F870BD10B582B0F2
:109300001C006B4659719A711C71049A0092846812
:1093100001220F21A04702B010BD10B584680023C0
:1093200000220921A04710BD10B584680023002247
:109330000A21A04710BD10B50A00846800230B2144
:10934000A04710BD10B50A00846800230E21A04775
:1093500010BD10B58468002300221021A04710BD65
:1093600010B544690023A04710BD002070470000DD
:1093700000230360074A8260C260026142612322C7
:109380008354033283548361FF33023A835404329B
:10939000835470476B930010F8B504000F0016005B
:1093A0001D00FFF7E5FFA760E6602561069B63618E
:1093B0002000FFF7B2FFF8BD042303700048704798
:1093C0000C16002010B5130004690A001721A047ED
:1093D00010BD00B583B06B46DA1D11700121FFF797
:1093E000F1FF03B000BD10B504690023002218216D
:1093F000A04710BD10B50469002300221921A04721
:1094000010BD000010B5002101F058FB10BDC04692
:1094100010B50A22002101F00BFC10BD70B50B0C39
:109420000024150C002B28D1002D3CD18BB291B219
:10943000594300F047F8051E33D00300083B5A6833
:1094400003239A43043A242A12D80300132A0AD980
:109450000460446008331B2A05D98460C460242A50
:109460002AD00300103300221A605A609A6002E08A
:109470000021FAF7CDFC280070BD002D16D1151C77
:1094800089B292B24A43ADB29BB26B43110C5B18E6
:10949000190C0BD1190492B2114300F013F8051EF8
:1094A000CBD10025E7E72B1C0D1CE9E701F0A2FC5E
:1094B0000C2300250360DEE70300046118334461D8
:1094C000D1E7C046F0B54E464546DE465746E0B5C4
:1094D0000D000B35060085B0162D21D8102900D9B6
:1094E000D4E000F0D5FA102518230221CA4FFB184A
:1094F0001A005C68083A944200D186E1032263684E
:10950000A1689343E268CA6091600121E3185A6838
:1095100030000A435A6000F0C3FA20000830B8E077
:1095200007239D4300D5B1E0A94200D9AEE000F089
:10953000AFFAFC235B009D4200D2E0E1690A00D152
:10954000AEE0042900D9A1E138239846A90988444E
:109550003931CB00082252429446AF4FFB189C444D
:109560006346DC68A44514D0032399460B0061468A
:109570009C4607E0E068002A00DB40E1814200D120
:1095800041E104004A46636893435A1B0F2AF1DD08
:1095900041463A003C690832944200D11EE1032062
:1095A00063688343581B0F2800DDACE13A617A61A0
:1095B0000028AADA7A68904680229200934200D36B
:1095C00036E1DA08580901238340404618438046B3
:1095D000D300DB199A687860E360A2609C60D46075
:1095E00001208B109840404562D8434603420AD17F
:1095F00003239943434640000431034203D1400012
:1096000004310342FBD00323B3469C460E00B84608
:109610000190F00040440100B246CB680BE0644684
:109620005A681F00A243DB68541B0F2C00DD39E190
:10963000002C00DB53E19942F1D101239946CA4441
:10964000534608319B07E8D1032205E00368083838
:10965000013E834200D013E23242F7D14346019AE1
:109660005B68934342465360019A520001929A42CA
:109670001CD8002A06D119E004229146019ACA4456
:10968000520001921342F7D05646C2E70C233360D2
:10969000002005B0F0BCBB46B246A946A046F0BDCE
:1096A00080233F22402190469B0053E75E46474679
:1096B0000322BC68636893439846AB4203D35B1BA9
:1096C0000F2B00DD8DE0230043440293534B082011
:1096D0001B6810335B19019301F096FB504903900E
:1096E0000B688A46013306D08446019B4242013B07
:1096F0006344134001933000019901F069FB0300BA
:109700008146013300D11CE1029B834200D916E15E
:10971000444B02989B461A68019B59469C466244FA
:109720000A6003990139484500D157E153461B6847
:10973000013300D15EE14B4602981B1A9B185A4632
:10974000136007234A4648461A400292184200D145
:1097500015E10398013384469B1A019A99444A44BF
:10976000019263440A409B1A194030008A4601F076
:109770002FFB431C00D158E14B46C01A0300534451
:1097800001935B461A68012052441A604B464946D1
:10979000BB60019B03434B60BC4213D043460F2B7D
:1097A00000D82BE107210C3B8B4361680140052069
:1097B00019436160E118486088600F2B00D93FE1D0
:1097C0004B465B6818490868904200D20A60174906
:1097D0000868904200D20A604C46B4E07B68984624
:1097E000FEE6012229001343114365196160300030
:1097F000BD606B6000F054F92000083049E7A268B2
:10980000D060826081E66146C3E6DC680231A34233
:1098100000D1BEE672E6C046A0050020401100203F
:109820009805002010110020381100203C11002064
:109830005A0A042A7CD9142A00D9B0E010005B30FF
:1098400082465C32D200082040428446BA189444D2
:10985000624692680B308146944500D186E008004C
:10986000A2466146844602E09268914204D04C468A
:109870005068A0439842F7D8D368614654469C4646
:109880006346A260E3609C60D460A9E6142967D9AE
:10989000542900D98CE06E239846290B88446F31F7
:1098A000CB0057E6BA460120514684464919054384
:1098B00050464560856847466046EB605E469D6061
:1098C000534639617961204308374860CF603000E2
:1098D0008F609C5000F0E4F850460830D9E6BA4654
:1098E00001205E465244516801435160BA6830001D
:1098F000D3609A6000F0D4F838000830C9E62B0035
:10990000E9080833F2E56119884601218C460D43C8
:109910004146656039617961CA608A606246024386
:109920004A60E050300000F0BBF820000830B0E69C
:109930009A091000393238308246D20083E7BC429F
:1099400041D0BC686368032293431A005B1BAA42A0
:1099500002D30F2B00DD44E7300000F0A1F897E6BA
:109960005B23984688445C31CB00F3E5534698105E
:1099700001238340404618438046786080E7019B7E
:10998000039A4B440B40D31A194030008A4601F029
:109990001FFA431C00D0EFE600239A46F1E6542A52
:1099A0002ED81A0B10006F326E308246D2004AE772
:1099B000AA235B0099422ED8DD3B9846E90B8844E8
:1099C0007831CB00C6E5304B9B461A68019B9C461C
:1099D0005B4662441A60039B591EA7E6484608424C
:1099E00000D0A3E6B9684344894601210B434946A8
:1099F0004B60E7E653464A461A60A2E64860ABE78A
:109A0000AA204000824226D8DA0B10007832773044
:109A10008246D20017E71D4B994226D87C239846F0
:109A2000A90C88447D31CB0094E5019A029B9446B1
:109A30004A46083B63449B1A019300239A46A0E6DA
:109A400021003000083101F0BFFA5B461A68BB689C
:109A500099465B68B6E60D4882420CD89A0C100015
:109A60007D327C308246D200EDE6FE237E227F21CD
:109A700090469B006EE5FE227E2092008246E2E642
:109A800043465B68F0E5C046101100205405000015
:109A900010B5024801F0B4F910BDC0460C11002009
:109AA00010B5024801F0AEF910BDC0460C110020FF
:109AB00070B516000D0002F039FC002E0DD06B239E
:109AC0006A00520D9B1A002B07DD0024034A1B0578
:109AD0009D182B002200F9F796FB70BD0000F03FA7
:109AE000F0B54546DE4657464E46E0B59FB0069275
:109AF00000220C001A920021002280460491059257
:109B0000210019910A780F002D2A03D8AA4D900040
:109B1000285887460021079100210891302A00D15A
:109B2000C4E02F2A00D889E200239A4619003800A1
:109B30000026130055460BE08B005B1801305B00DC
:109B40001990991802783039130001362F2A0FDD49
:109B5000392A6FDC082EEFDDAB005B1901305B00AA
:109B600019909D180278303D130001362F2AEFDC42
:109B7000894601229149AA4601F0C8F8002800D17F
:109B80004AE20023089612930A930B93089B1C0049
:109B9000102B00DD10244846F9F7A8FB089B049021
:109BA0000591092B19DD2200854B093AD2009B183B
:109BB0001A685B68F9F727FB049005915046F9F79E
:109BC00095FB0B00020004980599F9F7F5FA089B3C
:109BD000049005910F2B00DDAFE00A9B002B01D113
:109BE00000F066FC0A9B002B00DC46E3162B01DC30
:109BF00000F05FFD2523089A9B1A0A9A934200DA27
:109C00009BE00F24089B6E4DE41AE1006918049A4A
:109C1000059B08684968F9F7F6FA0A9B1C1BE400E3
:109C20002D192A686B68F9F7EEFA06000F0013E2A7
:109C3000013166E7894601226049AA461D0001F00C
:109C400065F8002846D1199D2B00691C19915B7895
:109C50000D001A00002E00D0E2E12B000020302A77
:109C600007D11800013319931A78302AF9D0401B14
:109C700001301300313B082B00D867E220239A43C0
:109C8000452A00D118E3089B034300D0E2E1069B7C
:109C900000260027002B00D01C60300039001FB0C8
:109CA000F0BCBB46B246A946A046F0BD7A7820314A
:109CB0008A437D1C582A01D100F0FDFB2F00199525
:109CC0003A780135302AF9D0002A00D1C2E10123C7
:109CD000089326E700230020002209961293652DA1
:109CE00000D1D2E100230B93452D00D1CDE1002E10
:109CF00000D0BFE1089B034300D0ABE1002AC6D1EE
:109D0000692D00D1E6E201DD00F0C2FC492D00D151
:109D1000E0E24E2DBBD12B4919A801F09FFD002890
:109D2000B5D0199B1B78282B01D100F079FD26486E
:109D300001F0EAF806000F008EE10A9A089B9446AB
:109D40001B1B6344002B00DC70E20F221C0011007F
:109D5000944319401A4201D100F02CFC184BC90061
:109D6000591808684968049A059BF9F74CFA049059
:109D70000591002C01D000F01DFC002309934B46F7
:109D80003200009339004046089B01F01BFF1390FE
:109D9000002801D100F09AFC0A9B1299DA430B9833
:109DA000D217081AD9171340149300230840994674
:109DB0009B461290F0E0C0465001011094CA00107A
:109DC000A804011038D70010D4D40010C91A521AB0
:109DD0001F2900DD26E301238B40109300231593F8
:109DE000AB189A46099BA4189C462B006444554521
:109DF00000DD5346A34200DD2300002B04DD524664
:109E0000D21A9246E41AED1A129B002B00DDB0E242
:109E10005346002B00DDC8E20A9B002B00DDF3E275
:109E2000002C00DDE4E2002D08DD49462A00404612
:109E300002F00CF98146002800D1E2E240461A996E
:109E4000089A02F09FF98346002800D1D9E2C3683E
:109E500049460E930023C36002F076F9002801DA28
:109E600000F009FD059B0B9301D100F0A2FC4946CF
:109E7000584602F039FB80230022DB0504000D0068
:109E8000F9F712FA002800D165E20E9B002B00D0F2
:109E9000D5E2049B002B00D05AE30B9B1B0300D0A0
:109EA000FDE2002220002900D74BF9F7F7F900283E
:109EB00001D000F074FC0022D44B20002900F9F7F7
:109EC000A2F90A0001001300109111920C90802257
:109ED0001206944663440D930B9BCD4A0C9C0D9D3A
:109EE00013409A46CB4B9A4500D1AFE2099B002B19
:109EF00029D0D423DB049A4525D810981199C64A55
:109F0000C64BF9F7D1F9002818D010981199F9F734
:109F10002DFA002800D10130F9F7E8F90E9B1090D6
:109F20001191002B01D000F024FC802212060B00BE
:109F30009446634416901793169C179DD623524659
:109F4000DB04EB189D1A3000390002F0EFF9020033
:109F50000B0020002900F9F756F932003B00F9F711
:109F60002BF90E0004900591099B002B04D1A84BFE
:109F700033409A4500D1B9E240461A9901F0C6FD36
:109F80004046089901F0C2FD4946404601F0BEFD39
:109F90005946404601F0BAFD139C4046616801F005
:109FA0008DFD031E089000D12BE222690C33023292
:109FB0000C34210018009200F9F730FF049E059F31
:109FC0001CAB01931BAB009332003B00404602F0F8
:109FD00029FA011E1A9000D1F0E10121404601F05A
:109FE000C1FE8146002800D10BE21B9B002B00DA4A
:109FF000D7E1129A149C9D1809991C9A5B1A362174
:10A000009B188A1A8649013B8B4200DADEE6002360
:10A01000159301331093E3E6199B591C19915B7852
:10A020001A00303A092A00D9D4E0151E01D100F0F7
:10A0300037FD012330000996129315E30122380001
:10A04000784900F063FE002800D188E3089B002BCC
:10A0500000D11CE600260027069A002A01D0199B91
:10A060001360079B002B00D117E6802109067B189F
:10A070001F0012E60B9B129A08969B1A0A93099BE3
:10A08000002B00D182E51E0080E5330003430899D0
:10A090000B4300D1FBE5199C631C199365782B2DAC
:10A0A00000D1F9E12D2D00D0AAE001230A93A31CD1
:10A0B0001993A5782B00303B092B00D9AEE11999F3
:10A0C000302D0ED14B1C19931D7819000133302D02
:10A0D000F9D000230B932B00313B082B00D906E667
:10A0E00001334D1C1995AC464D780B932F2D00DC98
:10A0F000D4E20E9101000B9B0B928B460B996246AA
:10A1000060468C460BE09900C9180132490019924B
:10A110004B194578303B2F2D00DCC5E21000392D5E
:10A12000F1DD0B9363460E9994461A006346584638
:10A13000591A082900DCB1E23B4B0B930A9B002B18
:10A1400000D1D4E50B9B5B420B93D0E5431C199FD8
:10A15000303A1293002315003900012609934B462B
:10A160009B004B44A94600205B0099444B1C19936B
:10A170001D7819002B00303B092B00D9F5E11D009B
:10A18000421C4B1C002D01D100F087FC129B9C4609
:10A19000944463461293012A01D100F07CFC52469C
:10A1A0008A462100731C4C469C468946110008E0F3
:10A1B000A2001419640001339A1B013A904200DC9A
:10A1C0004AE25A1E082AF3DD102BF4DC8A005118EB
:10A1D0004900F0E720229343452B74D04846F9F715
:10A1E00085F804900591092E00DC61E13400102E01
:10A1F00000DD10240023089612930B930A93D2E4F7
:10A2000000230A9356E7C0460000F03F0000E03FFD
:10A210000000F07F0000E07F0000C0FFFFFFDF4193
:10A2200002FCFFFF94CA00101F4E0000002B00D15B
:10A23000A3E50F2211005B4219401D111A4200D004
:10A240009DE21F2D00DD80E010231A002A400992B4
:10A250002B4201D05A3309930123049805999A4659
:10A26000C34C53462B4200D134E222686368F8F7AE
:10A27000CAFF6D1044D00834F3E70A9B163300DAA6
:10A280005BE50B99129ABB4B521AD2009B181A68C5
:10A290005B6804980599F8F798FF06000F00DBE665
:10A2A000002207924F1C19974A78002A00D033E405
:10A2B000EDE401220792F5E70022030009921292D1
:10A2C00000260132E3E600230C000020012209965B
:10A2D0001293E1E6A84919A801F0C0FA002800D1BC
:10A2E000D5E4199BA549013B19A8199301F0B6FAC9
:10A2F000002802D1199B013319930026A04FABE629
:10A30000099A0E900F910E9B0F9C04930594002ABE
:10A3100012D00F9B20005A006B23520D9B1A002B6A
:10A320000ADD1F2B00DC33E300210491342B00DC19
:10A3300059E3DC239B04059300220498059900232C
:10A34000F8F7A4FF002800D119E522234246002691
:10A350000027136080E68B4B002220002900F8F7CD
:10A3600052FF0E9B10901191002B63D10B000C90AB
:10A37000ADE549461A00404601F0FCFD1A998146B8
:10A3800000281BD00A000100404601F01BFD1A996D
:10A390000B90002812D0404601F0B8FB0B9B1A939B
:10A3A00036E5149A129DD41A26E61A99524640466A
:10A3B00001F04CFE011E1A9000D02DE5DA46222352
:10A3C000424600266E4F1360404601F09FFB404618
:10A3D000089901F09BFB4946404601F097FB404637
:10A3E000139901F093FB5146404601F08FFB33E691
:10A3F00022004046089901F029FE0890002800D06C
:10A4000011E5DA461A99DAE74046149A089901F0FC
:10A41000B1FD0890002800D002E5F2E7002319946E
:10A420000B9364E45849CB1A0121994001231591FB
:10A430001093D5E4109B119C0C930D944CE50023D4
:10A44000524C0C930D941093119445E5504A0B9B7C
:10A45000944663440593049C059D2000290001F067
:10A4600065FF0C9A0D9BF8F7CEFE22002B00F8F743
:10A47000A3FE434B474A049005910B40934200D8FA
:10A4800001E1454A974201D10136BAD00123424C3D
:10A490005B42049305946FE500230A9307E60023CB
:10A4A0003E4C0C930D940023384C1093119413E5FB
:10A4B000049E059FD0E50293079B404601931AAB8B
:10A4C0000093374A1BAB19A900F0CEFE0F231E00E4
:10A4D00004000640034200D1BCE5062E00D0FCE09B
:10A4E00000230026002719950793B5E5109C119DC0
:10A4F00020002900F8F752FFF8F744FF02000B0094
:10A5000020002900F8F74FFE049A0E9B36031343F0
:10A51000360B04000D00234A33430AD1224BF8F7CF
:10A52000BDFE002800D127E5DA46049E059F1A9952
:10A530004AE71E4BF8F7B2FE0028F5D120002900AB
:10A540001B4A104BF8F7C0FE002800D114E5EBE7DA
:10A55000012BA4D10B9B002BA1D1DA46222342462A
:10A56000002600271A9913602EE70122FFF7B7FB98
:10A5700048020110A80401102CD7001030D7001099
:10A580000000F07F0000E03FE2FBFFFF0000F03F33
:10A590000000B0FCFFFF9F7CFFFFEF7F0000F0BFDB
:10A5A000340201109535A094FFFFCF3FFFFFDF3F3E
:10A5B00035E5AF359A235B009C4200DD86E024112F
:10A5C000012C00D188E104980599002292460132BD
:10A5D00093465246D14BB2461D0009931600002304
:10A5E0005A46224204D02A686B68F8F70CFE012311
:10A5F000013664100835012CF2D1320056469246DD
:10A60000002B01D004900591C54A059B94466344F4
:10A6100005935346D900099B9C46049A059B6144C7
:10A6200008684968F8F7EFFDBE4BBF4A04900591F2
:10A630000B4093424AD8D42080048446BB4A6144EC
:10A640000591934201D8FFF798FB0123B84C5B4278
:10A6500004930594FFF791FB0A004B465146A1462F
:10A6600092461C0001386044461C082800DC76E550
:10A670000020102E00DD79E553469B005344AA4686
:10A680005B009A4472E5D4239B04CE1805966BE4D4
:10A690006E2D01D1FFF73FFBFFF7F9FA0B99A54BA0
:10A6A000994200DC4AE548E560460B930E990300A9
:10A6B0003AE50A9AA04BD100591808684968049AEB
:10A6C000059BF8F7A0FD06000F00C5E422234246D3
:10A6D000136012E66D100834C3E51A9A002A07D0F9
:10A6E00035211CA801F034FF40461A9901F00EFAFA
:10A6F000052E00D9BEE1914BB6009B599F461C9B8D
:10A700008F4904931D9B1B9A0B408E498C466244D3
:10A71000120513430593E40503D580221206134363
:10A720000593804A049E059F134200D094E400F0F4
:10A7300061FB222303608FE40122834B5242049287
:10A740000593E40500D4B3E6059BE6E7754B059356
:10A75000F7E71C991D9A1D9B04910592DBE7199D53
:10A760002B00013519955A78002399469A46FFF730
:10A7700074FA109B119C16931794FFF7DDFB6E4B38
:10A78000C9005B181A685B6804980599F8F71DFD05
:10A7900004900591002D01D1FFF7EFFA51E5002358
:10A7A0006A4C0C930D940023694C10931194FFF79D
:10A7B00093FB159B0E9A9C46059BDA461B031B0BCD
:10A7C000002A41D0634A934200D1D1E06346002B76
:10A7D00000D1C7E062460B9B13420CD00498059948
:10A7E000099AFFF765F902000B0030003900F8F70D
:10A7F000E3FC06000F00099B002B00D197E6300018
:10A800003900554B0022F8F7FEFC464B06000F00BE
:10A810000B4200D08BE6222342461A991360D3E5FF
:10A820001CAC22004D4919A801F02EF8052801D0D2
:10A83000FFF77DFA1D9B3B4A1A431C9B059204932C
:10A84000049E059FFFF708FC002B4AD1049B002BB8
:10A8500000D0B5E0099B002B00D1A0E0314C0B9B50
:10A8600023401C00D623DB049C4229D8DC239B0414
:10A870009C42C4D872E60E9B0499059ADA460B43B3
:10A88000B9D10B921303B6D1D623264CDB04144066
:10A890009C42B0D95B465B69002B03D15B461B69C8
:10A8A000012BA8DD51460122404601F0CFFB49466D
:10A8B000824601F049FC00289DDD099B002B6ED0EB
:10A8C000274B244A9C460123644422435B42059261
:10A8D0000493049E059F92E700239A460F4B099329
:10A8E00092E66346002B73D062460B9B134200D165
:10A8F00081E704980599099AFFF7DAF802000B003E
:10A9000030003900F8F74FFC0022002306000F004A
:10A91000F8F7BCFC002800D16DE71FE680040110A9
:10A920000000B0FC0000F07F0000A07C0000907CE4
:10A93000FFFFEF7F1F4E0000A80401100802011066
:10A94000FFFFEFFF33040000FFFFFF7F0000E0BFC9
:10A950000000E03FFFFF0F0000005039200201100F
:10A960000000F0FF109B049A134200D143E735E743
:10A97000099A049B002A4FD15A1C3BD06246002AF8
:10A9800000D17FE00B9B134200D027E71A991BE50B
:10A99000012252429A40049B13400493CCE4434B5F
:10A9A0000B9A1A991A401300414A9446414A63444B
:10A9B0001A4301235B4205920493049E059F03E51D
:10A9C0006246002A0AD00B9B134200D113E790E79E
:10A9D000109B049A134200D10DE78AE7109A1A429D
:10A9E00000D108E785E74B239A1A4C3B9340184067
:10A9F0000590A1E4304A0B9991421DD02B4B0B9A44
:10AA00001A401300802252039446634405930023A6
:10AA10000493049E059FEEE6D421244A0B98C904B2
:10AA200002408A4216D95A1CE4D06246002A0CD051
:10AA3000104200D1E3E6D1E60133DFD122234246C2
:10AA400000261A99194F1360BEE4109A1A4200D1D9
:10AA5000D5E6C3E66B21120D891A012252428A40C3
:10AA60009342C7D06246002AEFD00B9B134200D11D
:10AA7000C5E6B3E6E4050BD580231B060593049ECB
:10AA8000059F54E6109A1A4200D0A7E61A999BE453
:10AA9000002600274BE63000E6E51000FFF767FBD5
:10AAA000012009961292FFF761FBC0460000F07F7B
:10AAB0000000F0FFFFFF0F00FFFFEF7F10B5040065
:10AAC0000A000349034B08682100FFF709F810BD8D
:10AAD000140B0020A8090020F0B557464E46454605
:10AAE000DE46E0B582460F0090461E00994683B0D0
:10AAF000242B43D8012B41D00B0008204A4D1A00CB
:10AB000014780133295D0842F9D11D002D2C00D1A4
:10AB100076E02B2C3ED0454B9B4600230193002E24
:10AB200053D1302C00D173E00A230A2699464946B6
:10AB30005846F8F7FDF82B008C463D000200270030
:10AB400000214C460020E146AC463D00303D092D39
:10AB500007D9113D192D03D93D00613D192D20D88C
:10AB60000A35AE421DDD4F1C05D082422AD327D0C4
:10AB70000121604328181F780133E6E700F03AF915
:10AB800016230360002003B0F0BCBB46B246A946C2
:10AB9000A046F0BD1C78254B951C9B4600230193D5
:10ABA000BDE767464A1C21D0019A002A00D04042E6
:10ABB0004246002AE7D0002933D143461F60E2E72E
:10ABC000A945D5DA01214942D5E7102EAFD110238E
:10ABD0009946302CABD120222B789343582BA6D109
:10ABE00010236C78994610260235A0E722225146A0
:10ABF0000A6042465846002AC5D058465F1EDCE728
:10AC00001C7880231B069B460123951C019386E735
:10AC100020222B789343582BE2D0082308369946FC
:10AC200085E78346E9E7C04671020110FFFFFF7F19
:10AC300010B504001300034A10680A002100FFF752
:10AC40004BFF10BD140B00200323CAB2F0B5034024
:10AC5000002A35D00324002B2DD1FF230B401D02E9
:10AC6000ED182B04ED182C000168264E4C408B1972
:10AC70008B43A119A143244E0B43334211D14168A8
:10AC8000204F0C00CB196C408B43E119A1430B43BF
:10AC900004303342F3D00378002B05D09A4204D01D
:10ACA00001300378002BF9D10020F0BD9342FCD095
:10ACB00001302042D1D00378002BF7D10020F4E7F7
:10ACC000002B08D0032202E00130104203D00378A9
:10ACD000002BF9D1E9E702680A4B0B49D3189343DB
:10ACE0000B4206D14268074B0430D31893430B4202
:10ACF000F8D00378002BD8D043780130002BFBD15B
:10AD0000D3E7C046FFFEFEFE8080808030B5002A7B
:10AD100027D003000B439B0713D1032A11D9134DEE
:10AD20000BE0043A002A1CD0114C1C199C432C4205
:10AD300017D104300431032A03D903680C68A342F5
:10AD4000EFD00D78047801230139AC4207D00AE036
:10AD5000002C06D0C45C0133CD5CAC4203D19A42D6
:10AD6000F6D1002030BD601BFCE7C04680808080AB
:10AD7000FFFEFEFE0B00034370B506009B070DD1DE
:10AD8000032A0BD9104D0C68104BE318A3432B4238
:10AD900004D1043A043110C6032AF4D83300002445
:10ADA00006E00D5D013A355501330134002D02D026
:10ADB000002AF6D170BD00219C18002AFAD0197023
:10ADC00001339C42FBD1F5E780808080FFFEFEFED0
:10ADD000002370B5064C050008002360FAF74CF913
:10ADE000431C00D070BD2368002BFBD02B60F9E71B
:10ADF000D81B0020014B18687047C046140B002078
:10AE00007047C0467047C046802310B55B010828D4
:10AE100001D1180010BDFFF7EDFF16230360173BAB
:10AE2000F7E7C046024670B50A4392072AD11E4D85
:10AE3000EE0104C808C9541B9443344017D0D0B263
:10AE4000D9B2401A2106014310D190B299B2401AEA
:10AE5000210401430AD110021902000A090A401A0A
:10AE60002102014302D1100E190E401A70BD9A4200
:10AE7000DFD010BA19BA884201D9012070BD002074
:10AE8000C04370BD02780B7801300131002A09D02F
:10AE90009A4207D102780B7801300131002A01D0A3
:10AEA0009A42EFD0D01A70BD0101010110B583079D
:10AEB0000AD00300032102E001330B4205D01A78C7
:10AEC000002AF9D1181A10BD030019680C4A0D4C5C
:10AED0008A188A4322420FD15968094A04338A18D2
:10AEE0008A43224208D15968054A04338A188A43A2
:10AEF0002242F1D000E001331A78002AFBD1E1E7C9
:10AF0000FFFEFEFE80808080002001497047C04621
:10AF10000000F87FF0B5C646060000B508200D0019
:10AF2000FFF772FF04003000FEF7B2FD234B210053
:10AF300098469B685F6803239F4338001138401B85
:10AF40000019F7F7F5FE451E6543AC4208DC002109
:10AF50003000FFF73DFF43469B68DB19984206D05F
:10AF60003000FEF79DFD002080BCB846F0BD3000EB
:10AF70006942FFF72DFF01300ED0012243467F1BAF
:10AF80009B6817430E4A5F60136830005B1B1360B9
:10AF9000FEF786FD0120E7E700213000FFF718FFEC
:10AFA00043469A68831A0F2BDADD064C044924685D
:10AFB000001B086001210B435360D1E7A00500206E
:10AFC0001011002098050020F0B5D6464F464646A1
:10AFD00005000C00C0B5002948D0FEF759FD21003E
:10AFE000012708394B6803209C46BB43CE18726882
:10AFF00082436046384080466A4891468468B4423D
:10B0000000D17CE07260B41864683C40A2464446BB
:10B01000002C30D10C68A446091B8C686344A446FC
:10B020000824A0468044C4455CD0CC68A046644651
:10B030004246E26094605246002A1FD01F434F6090
:10B04000336080229200934230D2DA085C090123F7
:10B05000A340446823434360D3001B189A68CB6025
:10B060008A609960D1602800FEF71AFDE0BCBA46FC
:10B07000B146A846F0BD5246002A0FD101224B44EA
:10B08000CF18BC46B468484F1A43BC425BD0F66840
:10B09000E660B4604A6062461360D2E762463A43B3
:10B0A0004A608022336092009342CED35C0A042C23
:10B0B0003FD89C09260039343836E4000419226848
:10B0C000083C0327944203D14EE09268944203D097
:10B0D0005068B8439842F8D8D468CC608A60A160C0
:10B0E000D160C0E75246002A35D14B441A00B068FF
:10B0F000F3681743C36098604F608A50B3E74B44CE
:10B100001A004346002B06D10B68C91A8C68D21866
:10B11000CB68E3609C60012313434B60234B816049
:10B120001B6893429FD8224B28001968FFF7F2FE54
:10B1300099E7142C13D9542C1DD81C0B26006F34FE
:10B140006E36E400BAE7E160A1604A606246CC6016
:10B150008C60136087E71F434F60336083E72600EE
:10B160005C345B36E400A9E70123B610B3404668BF
:10B1700033434360B1E7AA225200944205D8DC0B66
:10B18000260078347736E40098E70A4A944205D8D6
:10B190009C0C26007D347C36E4008FE7FE247E265E
:10B1A000A4008BE7A0050020A80500209C05002036
:10B1B0004011002054050000F0B5D6464F464646E3
:10B1C0000369C0B50A009A464F11BB4208DC002350
:10B1D000036100234361E0BCBA46B146A846F0BD16
:10B1E0001F218C460600644614369D00BB0075196D
:10B1F000F318114014421FD02022521A944604CB57
:10B20000CA4090469D4228D9B14664461A68A24079
:10B21000444622434C4604C404CBA146CA4090464F
:10B220009D42F2D85346DC1BA4003419043C226032
:10B23000002A0CD004340AE032009D42C7D902CB68
:10B2400002C29D42FBD85346DC1BA4003419A31B49
:10B250009B100361B442BED1BBE74261002AB6D065
:10B2600034000434F3E7C046F0B5DE4645465746A1
:10B270004E46E0B58846096893468A7887B00390C1
:10B280000593302A00D0CDE1CB1C1D0001335A1E9E
:10B290001278302AF9D0691A8B1E9A46C24FBB5CCD
:10B2A000002B00D1FCE0002200242B789146BF4AFD
:10B2B000FB5C0292002B00D16AE12E00737801360C
:10B2C000FB5C002BFAD1012230000299FFF71EFD32
:10B2D0000190002852D0002233780192002C02D035
:10B2E000A41BA2000192202234009343502B51D082
:10B2F00043461E604B46002B7DD1631B013B002162
:10B30000072B03DD01315B10072BFBDC039800F0FA
:10B31000D5FB8246002800D18FE2142353440493C6
:10B32000A54200D3D1E19846002399463B00002670
:10B330004746A8464D4699460CE0202E19D03200CB
:10B34000043649462378CB5C0F210B4093401D43C4
:10B3500044455ED0013C23782E2BEED14445ECD3FE
:10B36000012220000299FFF7D1FC0028F0D0202E06
:10B37000E5D120C7002204260025E2E7002C00D1F9
:10B3800043E12022A41BA3000193337834009343AC
:10B39000502BADD163782B2B00D11EE12D2B00D08B
:10B3A000EBE00122A378A11CFB5C2600581E1828A4
:10B3B0009ED84E1C4978103B795C180000290AD1B0
:10B3C0000CE083001B185B000136581833781038E6
:10B3D000F95C002901D01929F3DD0300002A00D00F
:10B3E0005B42019A94469C446346019343461E6027
:10B3F0004B46002B81D053465A42534106245B42B0
:10B400001C40200007B0F0BCBB46B246A946A0468F
:10B41000F0BDB846A94646464B4608C6049B48467A
:10B42000F61A5346B6101E6100F024FC5B461D68F8
:10B430007601361AAE4251DC00DAD0E09B68019A00
:10B44000934200DAC0E05B465B689A4200DB97E01B
:10B450009C1A671EAC426FDA0026002F00D04EE126
:10B460001F21012339408B407A11049992008A5898
:10B47000504621002D1B1A4200D12BE1FFF79CFE04
:10B480005B465B6801935B46DC68022C00D1DBE025
:10B49000032C00D142E1012C00D16EE1122470E0B6
:10B4A000424B0122190028000293FFF72FFC81462E
:10B4B00000286FD16B786C1CFA5C002A6CD02500D8
:10B4C000302B00D05DE16B780135302BFBD0FB5C7D
:10B4D0005A425A41914601229246EBE6741B2100E2
:10B4E000504601F055F8061E0FD01F210123601EA3
:10B4F00001408B404211049992008A5801261A4259
:10B5000003D0012800DD00E1022621005046FFF7AC
:10B5100053FE019B9C465B46A44462469B68019295
:10B52000634551DB5B46019A5B68934200DC7DE03A
:10B530009C1AA54200DDD4E05A46D268022A37D0D0
:10B54000032A00D1F1E0012A35D1AC4233D1012CDC
:10B5500007D05046611E01F01BF800282BD05B4637
:10B560005B68059A62241360012352461361049AB2
:10B5700013605246109B1A6043E70022611C13E7D8
:10B5800001245246109B1A60059B019A1A6038E705
:10B590002E0098E62C002B7820229343502B00D1CC
:10B5A000BEE043461C6026E77403011094CA0010F5
:10B5B000119A002AD5D05146039800F0A7FA00232B
:10B5C000109A502413601CE75146039800F09EFA2D
:10B5D0000023109AA324136013E70022E2E6AE1BB7
:10B5E00032005146039800F031FD019B82469A1BC0
:10B5F0005B469B6801929A42E6DC5B465B689A4236
:10B60000BEDA14215144049122E77378741CFA5C69
:10B610002600002A00D166E673780136FA5C002A1B
:10B62000FAD15DE600238D1C9A4637E60124002EF0
:10B63000A7D05B46DB68022B06D0032B08D0012B7A
:10B6400055D010231C439CE70123119A9B1A119398
:10B65000119B002BF5D053461F69049BBA009146FD
:10B66000180098460021484402E002C3984261D97C
:10B670001A68561CF9D001321A60022C69D01F23B7
:10B680001E0021242E402B4200D17AE74B46434432
:10B69000043B186800F0EEFA20239B1B984200DB65
:10B6A0006FE753461969002900DD93E000235246F5
:10B6B00013610023524653615B46019A9B68013235
:10B6C0000192934280DB21245BE7049B9846002390
:10B6D0009946A0E6FFF770FD5B465B680224019384
:10B6E000A5E7671E002E00D1B6E60126B8E6B3072F
:10B6F000A7D5049B1B681E43F607ACD4A1E739000D
:10B70000504600F045FF0600AAE65046A11E00F094
:10B710003FFF002800D1F7E60326F6E6022497E76C
:10B72000002301930133994634E6119A002A00D090
:10B7300017E740E753469B689F4225DA53460122AC
:10B74000791C1961BB0053445A61049B9846022C32
:10B75000A9D15B461B682224013BAB4200D010E715
:10B760001F21012329408B4041466A119200545801
:10B770001C4063425C41213403E7022302241E4340
:10B78000B7E701239A4698E5534659680398013173
:10B7900000F094F9061E56D0534651461A690C31F2
:10B7A000023292000C30F8F739FB5146039800F052
:10B7B000ADF901223369B246591C9B00F31831617F
:10B7C0005A6114239846B044022CC2D08F4200DB49
:10B7D00055E768E7534650465B6989004144183095
:10B7E0005B0881421FD944461A000368DB071343F4
:10B7F00008C404C852088142F7D8130052468A1A76
:10B800004146193A92089200043152181360002BF5
:10B8100000D0043243465146D31A9B100B61424577
:10B8200000D049E745E742461360002B02D042466C
:10B830000432EFE7524613613BE70022E421054B57
:10B840000548F9F739FC00228421024B0248F9F738
:10B8500033FCC04680D7001094D7001030B5026882
:10B8600008E013781D00413D192D00D82033013127
:10B87000A34206D10C780132002CF2D102600120E3
:10B8800030BD0020FCE7C046F0B54546DE465746D1
:10B890004E461F2403000800E0B525001100006893
:10B8A00087B04211920005408A180395044200D0E7
:10B8B0009EE01000171F021F9146002248460260BA
:10B8C00018684678002E00D1AFE001906F480493CD
:10B8D00080464B460F2000240022834601980193A6
:10B8E000434602963D0026008946B84639009246F6
:10B8F0001F00029C15E0202C00D98AE052450CDD87
:10B900008D4201D2072E55DD0826A94505D2291FF3
:10B91000002392460D0000260B6084780130002C35
:10B9200012D03B5D002BE6D001360132082E39DC07
:10B930002C682401A4465C462340644623432B60C4
:10B9400084780130002CECD1019B8C4634004946B0
:10B9500047469946002A68D0654502D2072C00DC8C
:10B9600077E0A94247D20A002B0001CB01C29F42D7
:10B97000FBD26A1C781C0023904266D200200A1D6C
:10B980009B181A0004331060BB42FAD94B461B685F
:10B99000002B05D1B94250D0043F3B68002BF9D0B1
:10B9A000052043E0A945B8D20024043DA446012661
:10B9B0002C60C0E708239B1B9B009C462023644609
:10B9C0002E001C1B02952B686546059094462000AE
:10B9D0002A0075682C0084401C432B00D34034603F
:10B9E000736004368E42F4D36246029D05988BE75D
:10B9F0001700101D5FE74B46039A1B68002ACDD045
:10BA00002020801A01225242C24013404A4613604D
:10BA1000C4E7A246340056464746804601988C4605
:10BA2000049B49468146292E0BD0042007B0F0BC68
:10BA3000BB46B246A946A046F0BD012305200B60D7
:10BA4000F4E740460230186084E77D1BAD08AB0088
:10BA500094E708262023361BB6009B1B98462B68CC
:10BA600028001A000B0031006646AC464546984651
:10BA700044682300AB4013432200CA400360426085
:10BA80000430B042F4D3654641466AE774030110BE
:10BA900082B000290AD0002A0BD0002B0BD01378DB
:10BAA0000B601078431E984102B0704701A9002A2C
:10BAB000F3D10020F8E702204042F5E7436C70B56F
:10BAC00004000D00002B0AD0AA009B18186800285B
:10BAD0000ED002681A6000230361C36070BD21228A
:10BAE0000421FDF79BFC031E6064EDD10020F5E707
:10BAF0000126AE40721D012120009200FDF78EFC50
:10BB00000028F3D045608660E5E7C046002906D0EE
:10BB10004A68436C92009B181A680A601960704763
:10BB2000F0B5C6461F008046002300B50E000D6923
:10BB300014310C6801332004000C5043240C54438E
:10BB4000C019070CE4190004270C000C2404241865
:10BB500010C19D42EDDC002F07D0B368AB4208DD79
:10BB6000AB00F31801355F613561300080BCB84629
:10BB7000F0BD716840460131FFF7A0FF041E16D0EA
:10BB8000310032690C31023292000C30F8F746F97C
:10BB9000434672685B6C92009B181A6832601E60A4
:10BBA0002600AB00F31801355F613561DDE7002247
:10BBB000BA21024B0248F9F77FFAC04680D700103D
:10BBC000F8D70010F8B54746CE460600180080B5F5
:10BBD0000C00083009211F009046F7F781F8092F63
:10BBE0003BDD012500216D000131A842FBDC300066
:10BBF000FFF764FF011E32D0089B436101230361FC
:10BC00004346092B16DC092398460A3447450CDDC8
:10BC10004346E719FF1A23780A223000303BFFF72A
:10BC20007FFF01340100BC42F5D10800C0BCB94619
:10BC3000B046F8BD09239946A1444D4644442B78AB
:10BC40000A223000303BFFF76BFF01350100A542AF
:10BC5000F5D14C464444083CD8E70021C7E7002210
:10BC6000024B0348D331F9F727FAC04680D70010BA
:10BC7000F8D700108022030052020020934201D224
:10BC80001B04103080225204934201D208301B0260
:10BC900080225205934207D38022D205934214D2C8
:10BCA0009B0014D4033008E0802104301A01C90538
:10BCB0008A4203D3D243D20F801870479A019B0166
:10BCC00005D40A42EED12020F7E71A00F2E702304D
:10BCD000F3E7C0460368010010B55A0707D0DA073A
:10BCE0002BD49A072ED55B080360012010BD1A04DF
:10BCF00010D1FF221B0C10201A4201D108301B0A60
:10BD00001A0717D09A070ED0DA0701D401305B0862
:10BD10000B60EBE7FF221A4211D01A071AD1042058
:10BD20001B099A07F0D19A085C070FD5130002305F
:10BD30000B60DBE704301B09F3E70020D6E708209F
:10BD40001B0ADDE79B0803600220CFE7DB0805D173
:10BD50002020CBE7DB0803200B60C7E703300B6034
:10BD6000C4E7C046436C70B504000D00002B0AD038
:10BD70005868002815D002685A600023C360013358
:10BD80004561036170BD21220421FDF747FB031EBD
:10BD90006064EDD146210022084B0948FF31F9F7D4
:10BDA0008BF91C2201212000FDF738FB0028F1D07F
:10BDB0000123436001338360DFE7C04680D7001072
:10BDC000F8D70010F0B54E4657464546DE46E0B57A
:10BDD0000B6916698A469146984685B0B34204DBE2
:10BDE000330089464646924698464B465968434634
:10BDF000F5184B469B68AB4200DA0131FFF75EFE57
:10BE0000071E00D1AAE014239C4684446346AC007C
:10BE1000644418000022A34202D204C39C42FCD80E
:10BE200014234B449B46434651469B00984614318D
:10BE3000B60088445E44414576D200239A464B467C
:10BE400015339E4200D382E05B4601934346009344
:10BE50005346B446A246AB46B9460C00029306E0F0
:10BE60002D0C32D1009B04340430A34259D92568EB
:10BE70002B04190C002BF3D0019D5346A04600263D
:10BE80000C0082462F00039308CF01681A04120C9D
:10BE900062431B0C0D0463432D0C52199219090CBB
:10BEA0005B18110C5B1812041E0C120C1B041343BC
:10BEB00008C0BC45E8D850464446039B9A46029BBE
:10BEC000C3185E6025682D0CCCD0060000220368E4
:10BED000A046604619001400B446019F3A88090C38
:10BEE0006A43121952181B0411041B0C0B433360D4
:10BEF00010CF7168240C6C430B041B0CE318120C5C
:10BF00009B181C0C0436B842E8D8624684461000E0
:10BF10004446029A043482185360009B0430A342C2
:10BF2000A5D854465D464F46002D03DC06E0013D92
:10BF3000002D03D0043C2368002BF8D038003D616D
:10BF400005B0F0BCBB46B246A946A046F0BD4B4684
:10BF5000F31A153B9B089B009A4675E7B121002216
:10BF6000024B03484900F9F7A7F8C04680D70010F4
:10BF7000F8D70010F8B5032347461400CE461A0040
:10BF800080B50E0007002240234239D1A41032D0E0
:10BF90003D6C002D3DD00123984600239946434631
:10BFA00023406410002B08D12868002819D0050010
:10BFB000434623406410002BF6D02A00310038009D
:10BFC000FFF700FF002E06D072687B6C92009B1872
:10BFD0001A6832601E60002C0ED006002868002807
:10BFE000E5D12A0029003800FFF7ECFE4B46286017
:10BFF00005000360DCE73000C0BCB946B046F8BDC0
:10C000000E4B013A9200D2580023FFF789FD06003B
:10C01000BCE701213800FFF751FD051E07D0084B92
:10C02000436101230361002338640360B3E74621C1
:10C030000022044B0448FF31F9F73EF87404011064
:10C040007102000080D70010F8D70010F0B5454607
:10C05000DE4657464E46E0B50D002B695411984612
:10C06000A04443465E1CAB6883461700496883B012
:10C070009E4203DD01315B009E42FBDC5846FFF728
:10C080001DFD8446002854D0010014310B0001919D
:10C09000002C0CDDA400220000201432624401C3F5
:10C0A0009342FCD1019B9946A1444B4601931F2228
:10C0B0002B0011002C691433A40039408A461C1946
:10C0C0003A4230D00132521A914600270198514627
:10C0D0001A688A403A4304C04A4680CBD7409C4203
:10C0E000F5D82A0015320023944203D3631B153B75
:10C0F0009B089B00019A91464B445F60002F00D142
:10C10000464663461E615B4660466A685B6C920009
:10C110009B181A682A601D6003B0F0BCBB46B2468B
:10C12000A946A046F0BD019904CB04C19C42FBD8AE
:10C13000E6E7EF210022024B02484900F8F7BCFF76
:10C1400080D70010F8D7001002690B6930B50500E0
:10C15000D01A9A4214D19B0014351431EA18CB1826
:10C1600001E095420CD2043A043B146819688C42F1
:10C17000F7D000238C425B4102205B42184001381B
:10C1800030BDC046F0B545469046DE4657464E4661
:10C190004346E0B50A690C00196983B0551A8A4212
:10C1A00014D1270042468900143714327B185218E4
:10C1B00002E09F4200D396E0043B043A1E681168F7
:10C1C0008E42F6D000D399E0012504E0002DFBDB80
:10C1D000A04600251C0043465968FFF76FFC8446C3
:10C1E000002800D194E043461A6914339600B24601
:10C1F000C5609A4465460093534621692000890032
:10C2000089461435002101932B00143081444D469A
:10C21000A34614270C00924601009946434601C9E3
:10C22000DE5902043304120C1B0C9B1A62461B19C4
:10C23000000C360C361A181430181B0404141B0C8E
:10C2400000040343D35104378D42E7D82100019CF9
:10C2500048465246A2465C46A946050020001530D5
:10C260001E000027009B814504D34846001B15385B
:10C27000800887007819041DDF19A0463C1DA146DF
:10C28000EF1A0300A2451DD93B00574692461A00FB
:10C290000E00A51801CC03041B0C5B181B14010C29
:10C2A00086195B1836041914360C1B041E432E60C5
:10C2B000A742EDD83B0049465246013B5B1A9B081A
:10C2C0009B004344002E04D1043B1968013A002925
:10C2D000FAD063461A61604603B0F0BCBB46B24672
:10C2E000A946A046F0BD0021FFF7E8FB84460028E0
:10C2F00008D00123036100234361ECE74346A046D5
:10C300001C0068E70022054B05480649F8F7D4FEF3
:10C310000022024B02480449F8F7CEFE80D70010F5
:10C32000F8D7001037020000450200000D4A0E4BFE
:10C3300094460B4063440022002B02DD19001000DC
:10C3400070475B421915132903DC80231B030B4143
:10C35000F4E7143901221E2902DC80221206CA40A9
:10C360000023EBE70000C0FC0000F07FF8B50600FA
:10C370004746CE4604691436A4003419231F1D68AD
:10C3800080B528000F009846FFF774FC2022111A90
:10C39000030039600A282EDD07000B3F464519D2FD
:10C3A00008235B429C46A44463461B68002F1AD0B6
:10C3B0001900D21BD140BD409146194A0D432A4372
:10C3C0001100BB40664511D24A460C3C2468D4405B
:10C3D00023430BE00B2805D0BD40114B2B43190024
:10C3E000002303E000230E4A2A4311001800C0BCBA
:10C3F000B946B046F8BD2F00153A121AD7409146FB
:10C40000074A3A4311000027464503D24A46083CF2
:10C410002768D74015339D402B003B43E6E7C046D5
:10C420000000F03FF0B5012183B014001D00FFF7BC
:10C4300045FB061E47D02B036F001B0B7F0D02D060
:10C440008022520313430193002C16D101A8FFF759
:10C4500041FC0124019B203073613461002F23D003
:10C460001C4B35249C46089B67443F181F60241AC8
:10C470003000099B1C6003B0F0BD68460094FFF7D4
:10C4800029FC019C009B002806D020222100121AC2
:10C490009140C4400B4301947361B461631E9C419D
:10C4A00001343461002FDBD10B4B9C46089B604468
:10C4B00018600023E3189B00F3181869FFF7DAFBF4
:10C4C0006401241AD4E70022044B05480549F8F713
:10C4D000F3FDC046CDFBFFFFCEFBFFFF80D7001072
:10C4E000F8D700100F030000F0B5CE46474680B5E0
:10C4F00085B0884602A98146FFF738FF04000D0089
:10C50000404603A9FFF732FF02000B0040464946B0
:10C510000069096900920193091A49018846029845
:10C520000399401A0100414400290BDD09054F1908
:10C530003D0020002900F6F748FE05B0C0BCB94612
:10C54000B046F0BD09055B1A0193009A019BF0E724
:10C550001300013970B54C1111690134143389008D
:10C56000A400591804198B420AD2050040CB40C5DB
:10C570009942FBD88B1A153B9B089B000430181876
:10C58000844203D9002308C08442FCD870BDC04651
:10C5900010B5040002691434481182420ADA92008C
:10C5A000A31803E0043B1A68002A14D1A342F9D867
:10C5B000002010BD8300E3188242F7DD1F22100027
:10C5C00008400A42F2D019680A00C24082400120A5
:10C5D0009142EED1EAE70120EBE7C046002909D0FD
:10C5E000FF2A02D801200A7070478A2303600120C5
:10C5F0004042F9E70020F7E7F8B5C0460000000028
:10C6000001B40248844601BC604700BF8903002092
:10C6100001B40248844601BC604700BF0902002003
:10C6200001B40248844601BC604700BF7504002085
:10C6300001B40248844601BC604700BF7504002075
:10C6400001B40248844601BC604700BFCD01002010
:10C6500001B40248844601BC604700BF9901002034
:10C6600001B40248844601BC604700BF5502002067
:10C67000112B00103D2B0010D12C0010013E00109A
:10C680000D340010613C0010052C0010592B0010D7
:10C69000792B00108D2B0010711D0010952B0010B0
:10C6A000A5250010FD2A001011170010C5830010E9
:04C6B000B1020010C3
:10C6B800520300100C0300100C0300102603001096
:10C6C8002E030010380300100C0300100C03001098
:10C6D8000C0300100C0300100C0300100C030010D6
:10C6E80052030010244750524D43000024474E5235
:10C6F8004D430000244750474741000024474E4718
:10C708004741000041000000253034642530326480
:10C7180025303264000000002D2D3A2D2D00000038
:10C72800253032643A253032640000005461636871
:10C738006F203330303000002564000025252E2579
:10C748006466000057682F6B6D000000252E316667
:10C75800000000006B57000056000000B000000009
:10C768006B6D000056435520485720566572736913
:10C778006F6E3A00564355205357205665727369B9
:10C788006F6E3A0056656869636C652074797065E8
:10C798003A000000426174746572792064657369B7
:10C7A800676E20766F6C746167653A0042617474D5
:10C7B8006572792064657369676E2063617061636F
:10C7C8006974793A000000004261747465727920D6
:10C7D80063656C6C20747970653A0000424D532093
:10C7E80043757272656E743A00000000424D532022
:10C7F800534F433A00000000424D53204D617820CA
:10C8080054656D703A000000424D53204D696E200A
:10C8180054656D703A000000424D5320566F6C7499
:10C828006167653A00000000424D532063686172F9
:10C838006765207374617475733A0000424D532024
:10C848006D61782063656C6C20646966663A0000E7
:10C858004354524C2063757272656E743A0000003E
:10C868004354524C20766F6C746167653A0000003F
:10C878004354524C207468726F74746C653A0000AB
:10C888004354524C2074656D703A00004354524C26
:10C89800206D6F746F722074656D703A000000002F
:10C8A8004F43565F73746174653A000056435520D0
:10C8B800534F433A0000000056435520566F6C749E
:10C8C8006167653A0000000056435520534F4320E6
:10C8D800566F6C746167653A000000005643552036
:10C8E8005468726F74746C6520566F6C74616765F8
:10C8F8003A000000456E67696E652053746174657F
:10C908003A000000454E47494E455F53544154454F
:10C918005F4F4646000000006F7574444344435F10
:10C92800454E3A006F757444697363686172676550
:10C938003A0000006F75744D43554C696D703A00AC
:10C948006F75744354524C5F454E3A006F7574438B
:10C9580054524C5F526576657273653A0000000068
:10C968006F75744272616B653A0000006F75744DA3
:10C978006F73666574436861726765506F72743A65
:10C98800000000006F7574426F6F74303A00000049
:10C998006F75745468726F74746C653A00000000A7
:10C9A800706F7765724C696D6974534F433A000034
:10C9B800706F7765724C696D697454656D703A0073
:10C9C8006D617844697363686172676543757272F3
:10C9D800656E743A000000006D61785265636861A5
:10C9E80072676543757272656E743A00766F6C741F
:10C9F800616765476F6F643A00000000766F6C747A
:10CA08006167655374616E6462793A00766F6C741D
:10CA18006167654C6F773A0073706565643A00002A
:10CA2800636F6E73756D7074696F6E3A0000000005
:10CA380072656D61696E696E6744697374616E636E
:10CA4800653A00002323232323232323232323239B
:10CA5800232323232323232323232323232323239E
:10CA680023230000486F73742053746172740000AC
:10CA7800496E6974204665686C6572210000000083
:10CA8800426F6F746C6F616465722E2E2E00000009
:10CA980056657262756E642E3A20256400000000A7
:10CAA80047657472656E6E743A2025640000000054
:10CAB8004344432052656164790000000A2A2A2A07
:10CAC8002050414E4943202A2A2A0A000A00000021
:10CAD8004E6F207370696E6C6F636B732061726543
:10CAE80020617661696C61626C6500003078316341
:10CAF800203D3D20282A696E7374293E3E313175E8
:10CB080000000000433A2F55736572732F43687213
:10CB180069737469616E2F2E7069636F2D73646B0E
:10CB28002F73646B2F322E322E302F7372632F7255
:10CB380070325F636F6D6D6F6E2F686172647761BD
:10CB480072655F6972712F6972712E63000000004F
:10CB580064656C7461203E3D202D323034382026C7
:10CB6800262064656C7461203C3D203230343620C8
:10CB7800262620212864656C74612026203129002E
:10CB8800212864656C7461203E3E2031317529008E
:10CB980063757272656E74203D3D205F5F756E68C7
:10CBA800616E646C65645F757365725F697271202C
:10CBB8007C7C2063757272656E74203D3D206861CF
:10CBC8006E646C65720000006972715F68616E6402
:10CBD8006C65725F636861696E5F667265655F73D5
:10CBE8006C6F745F68656164203E3D203000000012
:10CBF800767461626C655F68616E646C6572203D15
:10CC08003D205F5F756E68616E646C65645F757307
:10CC180065725F6972710000212828282875696E7D
:10CC2800747074725F742972656D6F76655F74686D
:10CC3800756D625F62697428767461626C655F689D
:10CC4800616E646C65722929202D20282875696E0B
:10CC5800747074725F74296972715F68616E646C54
:10CC680065725F636861696E5F736C6F747329299D
:10CC780020252073697A656F6628737472756374EA
:10CC8800206972715F68616E646C65725F63686168
:10CC9800696E5F736C6F74292900000021657863E1
:10CCA800657074696F6E207C7C206578636570742C
:10CCB800696F6E203D3D206E756D202B20565441C6
:10CCC800424C455F46495253545F49525100000057
:10CCD80066616C736500000069735F7368617265F3
:10CCE800645F6972715F7261775F68616E646C65B9
:10CCF8007228736C6F745F68616E646C657229006A
:10CD0800657863657074696F6E000000666F756E94
:10CD18006400000031203D3D202875696E747074F0
:10CD2800725F74296C2D3E7370696E5F6C6F636BF4
:10CD380000000000433A2F55736572732F436872E1
:10CD480069737469616E2F2E7069636F2D73646BDC
:10CD58002F73646B2F322E322E302F7372632F6332
:10CD68006F6D6D6F6E2F7069636F5F73796E632F70
:10CD78006D757465782E6300746F74616C000000C3
:10CD88006D74782D3E636F72652E7370696E5F6C7B
:10CD98006F636B006C6F636B5F69735F6F776E6552
:10CDA800725F69645F76616C6964286D74782D3E82
:10CDB8006F776E65722900006D74782D3E656E740C
:10CDC80065725F636F756E7400000000706F6F6C42
:10CDD8002D3E74696D65725F616C61726D5F6E7511
:10CDE8006D203D3D2074696D65725F616C61726D87
:10CDF8005F6E756D00000000433A2F5573657273BE
:10CE08002F43687269737469616E2F2E7069636F3E
:10CE18002D73646B2F73646B2F322E322E302F7369
:10CE280072632F636F6D6D6F6E2F7069636F5F74C0
:10CE3800696D652F74696D652E63000064656661B0
:10CE4800756C745F616C61726D5F706F6F6C5F6938
:10CE58006E697469616C697A65642829000000004C
:10CE6800417474656D7074656420746F20736C65AB
:10CE7800657020696E73696465206F6620616E2035
:10CE8800657863657074696F6E2068616E646C653F
:10CE9800723B2075736520627573795F7761697479
:10CEA80020696620796F75206D7573740000000025
:10CEB800486172647761726520616C61726D2025CA
:10CEC8006420616C726561647920636C61696D6569
:10CED8006400000076636F5F66726571203E3D20D6
:10CEE8005049434F5F504C4C5F56434F5F4D494E3E
:10CEF8005F465245515F485A2026262076636F5F69
:10CF080066726571203C3D205049434F5F504C4C40
:10CF18005F56434F5F4D41585F465245515F485AEF
:10CF280000000000433A2F55736572732F436872EF
:10CF380069737469616E2F2E7069636F2D73646BEA
:10CF48002F73646B2F322E322E302F7372632F7231
:10CF580070325F636F6D6D6F6E2F68617264776199
:10CF680072655F706C6C2F706C6C2E630000000033
:10CF78006662646976203E3D20313620262620668A
:10CF880062646976203C3D203332300028706F732C
:10CF9800745F64697631203E3D203120262620705A
:10CFA8006F73745F64697631203C3D2037292026F1
:10CFB800262028706F73745F64697632203E3D20A6
:10CFC8003120262620706F73745F64697632203CA6
:10CFD8003D203729000000007265665F6672657142
:10CFE800203C3D202876636F5F66726571202F2094
:10CFF800313629002A282875696E74385F74202A0A
:10D0080029282828766F6964202A29726F6D5F7431
:10D0180061626C655F666C6F6174292D3229292005
:10D028002A2034203E3D2053465F5441424C455F00
:10D0380056325F53495A4500433A2F557365727308
:10D048002F43687269737469616E2F2E7069636FFC
:10D058002D73646B2F73646B2F322E322E302F7327
:10D0680072632F7270325F636F6D6D6F6E2F7069B0
:10D07800636F5F646F75626C652F646F75626C6552
:10D088005F696E69745F726F6D5F727032303430D1
:10D098002E6300002A282875696E74385F74202A68
:10D0A80029726F6D5F7461626C652D3229202A20A8
:10D0B80034203E3D2053465F5441424C455F563232
:10D0C8005F53495A45000000433A2F557365727300
:10D0D8002F43687269737469616E2F2E7069636F6C
:10D0E8002D73646B2F73646B2F322E322E302F7397
:10D0F80072632F7270325F636F6D6D6F6E2F706920
:10D10800636F5F666C6F61742F666C6F61745F69C3
:10D118006E69745F726F6D5F7270323034302E6377
:10D12800000000004465627567000000626F6F745C
:10D13800325F77323571303830000000322E322EAF
:10D14800300000007069636F0000000053523234F1
:10D158005F4F4C4544000000466562203231203262
:10D1680030323600666E692B00000000666E69007A
:10D178006E616E00666E692D000000002C206675D9
:10D188006E6374696F6E3A20000000006173736506
:10D198007274696F6E2022257322206661696C653E
:10D1A800643A2066696C6520222573222C206C69FC
:10D1B8006E65202564257325730A00007364615F1A
:10D1C80074785F686F6C645F636F756E74203C3D44
:10D1D800206C636E74202D2032000000433A2F55D6
:10D1E800736572732F43687269737469616E2F2E49
:10D1F8007069636F2D73646B2F73646B2F322E32DB
:10D208002E302F7372632F7270325F636F6D6D6F84
:10D218006E2F68617264776172655F6932632F6926
:10D2280032632E630000000065702D3E61637469EF
:10D2380076650000433A2F55736572732F43687201
:10D2480069737469616E2F2E7069636F2D73646BD7
:10D258002F73646B2F322E322E302F6C69622F742D
:10D26800696E797573622F7372632F706F72746150
:10D27800626C652F72617370626572727970692F62
:10D288007270323034302F6863645F7270323034B9
:10D29800302E630065700000556E68616E646C65C1
:10D2A80064206275666665722025640A00000000C5
:10D2B8004461746120536571204572726F72200A4F
:10D2C80000000000556E68616E646C656420495208
:10D2D8005120307825780A007268706F7274203D8A
:10D2E8003D203000496E76616C6964207370656515
:10D2F800640A000065702D3E656E64706F696E7417
:10D308005F636F6E74726F6C0000000065702D3E75
:10D318006275666665725F636F6E74726F6C00002B
:10D3280065702D3E68775F646174615F6275660041
:10D338002128647072616D5F6F666673657420265C
:10D3480020306231313131313129000025732025F7
:10D35800643A20415353455254204641494C454470
:10D368000D0A00002165702D3E61637469766500C1
:10D3780065705F6E756D203D3D20300065702D3EF7
:10D38800636F6E666967757265640000212862754F
:10D39800665F6374726C2026205553425F4255467F
:10D3A8005F4354524C5F46554C4C2900433A2F5525
:10D3B800736572732F43687269737469616E2F2E77
:10D3C8007069636F2D73646B2F73646B2F322E3209
:10D3D8002E302F6C69622F74696E797573622F73A2
:10D3E80072632F706F727461626C652F72617370F3
:10D3F800626572727970692F7270323034302F72B0
:10D4080070323034305F7573622E63006275665F08
:10D418006374726C2026205553425F4255465F4321
:10D4280054524C5F46554C4C000000006570202556
:10D438003032582077617320616C7265616479209D
:10D44800617661696C61626C650000005741524EFB
:10D458003A207374617274696E67206E6577207400
:10D4680072616E73666572206F6E20616C726561A1
:10D47800647920616374697665206570202530328F
:10D48800580D0A0043616E277420636F6E74696ECD
:10D4980075652078666572206F6E20696E616374A9
:10D4A8006976652065702025303258004661696CC0
:10D4B80065640D00456E756D65726174696F6E20E7
:10D4C800617474656D70742025750D0A0000000084
:10D4D8005B25753A5D20555342482044657669635B
:10D4E800652041747461636820286475706C696391
:10D4F80061746564290D0A005B25753A5D205553F2
:10D5080042482044657669636520417474616368A4
:10D518000D0A00004C454400636F6E6E6563745FCE
:10D52800696E7465726E616C5F666C6173685F6664
:10D53800756E6320262620666C6173685F6578695E
:10D54800745F7869705F66756E6320262620666C46
:10D558006173685F666C7573685F63616368655F54
:10D5680066756E6320262620666C6173685F656E3B
:10D578007465725F636D645F7869705F66756E630A
:10D5880000000000433A2F55736572732F43687289
:10D5980069737469616E2F2E7069636F2D73646B84
:10D5A8002F73646B2F322E322E302F7372632F72CB
:10D5B80070325F636F6D6D6F6E2F68617264776133
:10D5C80072655F666C6173682F666C6173682E6341
:10D5D80000000000666C6173685F6F666673202BDD
:10D5E80020636F756E74203C3D205049434F5F4661
:10D5F8004C4153485F53495A455F4259544553007B
:10D60800636F6E6E6563745F696E7465726E616C6C
:10D618005F666C6173685F66756E63202626206698
:10D628006C6173685F657869745F7869705F667547
:10D638006E6320262620666C6173685F72616E6770
:10D64800655F65726173655F66756E632026262067
:10D65800666C6173685F666C7573685F6361636845
:10D66800655F66756E630000636F6E6E6563745FF9
:10D67800696E7465726E616C5F666C6173685F6613
:10D68800756E6320262620666C6173685F6578690D
:10D69800745F7869705F66756E6320262620666CF5
:10D6A8006173685F72616E67655F70726F677261E0
:10D6B8006D5F66756E6320262620666C6173685FF1
:10D6C800666C7573685F63616368655F66756E63D2
:10D6D80000000000636F6E6E6563745F696E746549
:10D6E800726E616C5F666C6173685F66756E6320ED
:10D6F800262620666C6173685F657869745F78694F
:10D70800705F66756E6320262620666C6173685F9D
:10D71800666C7573685F63616368655F66756E6381
:10D72800000000006E660000696E697479000000F0
:10D73800616E00004C435F434F4C4C415445000020
:10D748004C435F4354595045000000004C435F4D23
:10D758004F4E4554415259004C435F4E554D45522A
:10D76800494300004C435F54494D45004C435F4DCD
:10D77800455353414745530042616C6C6F632073B6
:10D788007563636565646564000000002F646174F7
:10D79800612F6A656E6B696E732F776F726B73702A
:10D7A8006163652F474E552D746F6F6C63686169AF
:10D7B8006E2F61726D2D31342F7372632F6E657702
:10D7C8006C69622D63796777696E2F6E65776C690E
:10D7D800622F6C6962632F7374646C69622F67646B
:10D7E800746F612D6765746865782E6300000000AA
:10D7F8002F646174612F6A656E6B696E732F776F22
:10D80800726B73706163652F474E552D746F6F6C23
:10D81800636861696E2F61726D2D31342F73726385
:10D828002F6E65776C69622D63796777696E2F6EE5
:10D8380065776C69622F6C6962632F7374646C69B5
:10D84800622F6D707265632E630000006972715FEC
:10D858006164645F7461696C5F746F5F667265654B
:10D868005F6C697374000000696E736572745F623F
:10D878006C5F3332000000006972715F72656D6F12
:10D8880076655F68616E646C657200006D616B65DA
:10D898005F6A5F31360000007265736F6C76655F92
:10D8A8006A5F3136000000006972715F6164645F0D
:10D8B8007368617265645F68616E646C65720000AC
:10D8C8006972715F7365745F6578636C7573697687
:10D8D800655F68616E646C65720000006D757465E3
:10D8E800785F6578697400006D757465785F656E3A
:10D8F8007465725F626C6F636B5F756E74696C00E0
:10D9080072756E74696D655F696E69745F6D757443
:10D9180065780000616C61726D5F706F6F6C5F6736
:10D9280065745F64656661756C740000616C617232
:10D938006D5F706F6F6C5F6972715F68616E646C48
:10D9480065720000706C6C5F696E6974000000009D
:10D958005F5F61656162695F646F75626C655F696D
:10D968006E6974005F5F61656162695F666C6F61B3
:10D97800745F696E6974000006005250D3F07542F6
:10D988002CD1001006005250E182887F34D100105B
:10D9980006005250ABB3605344D1001006005250F9
:10D9A800BBFF3CB64CD1001006005250861C030247
:10D9B80054D10010060052505422A29D60D100108C
:10D9C80005005250DE65F46834110110C649001094
:10D9D800DE490010DE490010D2490010DE4900106F
:10D9E800DE490010DE490010DE490010DE49001053
:10D9F800DE490010DE490010BA490010DE49001067
:10DA0800AE490010DE490010DE490010A24900109E
:10DA1800BE4A0010EE4A0010104B0010EE4A0010EB
:10DA2800984A0010EE4A0010EE4A0010EE4A001024
:10DA3800EE4A0010EE4A0010EE4A0010EE4A0010BE
:10DA4800E04A0010EE4A0010EE4A0010EE4A0010BC
:10DA5800EE4A0010EE4A0010204B0010A44F0010B0
:10DA6800BA4F0010BA4F0010BA4F0010BA4F00104A
:10DA7800BA4F0010BA4F0010BA4F0010BA4F00103A
:10DA8800BA4F0010BA4F0010BA4F0010BA4F00102A
:10DA9800BA4F0010BA4F0010BA4F0010BA4F00101A
:10DAA800BA4F0010BA4F0010BA4F0010BA4F00100A
:10DAB800BA4F0010BA4F0010BA4F0010BA4F0010FA
:10DAC800BA4F0010BA4F0010BA4F0010BA4F0010EA
:10DAD800BA4F0010BA4F0010BA4F0010D24D0010C4
:10DAE8008E4D0010D24D0010BA4F0010BA4F0010E2
:10DAF800BA4F0010BA4F0010BA4F0010BA4F0010BA
:10DB0800BA4F0010BA4F0010BA4F0010BA4F0010A9
:10DB1800BA4F0010BA4F0010BA4F0010BA4F001099
:10DB2800BA4F0010BA4F00106E4B0010BA4F0010D9
:10DB3800BA4F0010BA4F0010BA4F0010BA4F001079
:10DB4800BA4F0010BA4F0010BA4F0010BA4F001069
:10DB58006E4B00102A4E00106E4B0010D24D001074
:10DB68008E4D0010D24D0010000000000000F03F64
:10DB780000000000000024400000000000005940A0
:10DB88000000000000408F40000000000088C340F3
:10DB980000000000006AF8400000000080842E4168
:10DBA80000000000D01263410000000084D79741B4
:10DBB8000000000065CDCD410D0A00006932635FA9
:10DBC8007365745F6261756472617465000000005A
:10DBD8006863645F73657475705F73656E64000075
:10DBE8006863645F656470745F78666572000000DE
:10DBF8005F68775F656E64706F696E745F696E6980
:10DC0800740000005F68775F656E64706F696E749A
:10DC18005F616C6C6F636174650000006863645FCA
:10DC2800656470745F6F70656E0000006863645FA0
:10DC3800696E745F656E61626C6500006863645F3D
:10DC4800706F72745F73706565645F6765740000F8
:10DC58006863645F706F72745F636F6E6E65637420
:10DC68005F737461747573006863645F706F727456
:10DC78005F726573657400006863645F696E6974D8
:10DC88000000000068775F7472616E735F636F6D88
:10DC9800706C6574650000005F68616E646C655F38
:10DCA800627566665F7374617475735F6269740028
:10DCB80073796E635F65705F627566666572000092
:10DCC800326A0010D86B0010D86B0010D86B0010A7
:10DCD8006A6A0010706A0010E06A0010386B001061
:10DCE800766B0010946B00107475685F65647074CF
:10DCF8005F6F70656E000000757362685F656470C1
:10DD0800745F786665725F776974685F63616C6C6D
:10DD18006261636B00000000757362685F65647020
:10DD2800745F636C61696D007475685F636F6E74AE
:10DD3800726F6C5F786665720000000075736268C8
:10DD48005F636F6E74726F6C5F786665725F636233
:10DD5800000000005F70617273655F636F6E6669D3
:10DD68006775726174696F6E5F64657363726970F9
:10DD7800746F7200656E756D5F7265717565737429
:10DD88005F7365745F6164647200000070726F6332
:10DD98006573735F656E756D65726174696F6E002A
:10DDA80071756575655F6576656E74007475685F15
:10DDB8007461736B5F657874000000007475685F48
:10DDC8007268706F72745F696E6974000000000099
:10DDD800B9770010457800109D790010C1790010BE
:10DDE800C178001075780010636463685F736574A8
:10DDF8005F636F6E66696700636463685F78666512
:10DE0800725F6362000000006F70656E5F65705F2F
:10DE180073747265616D5F706169720061636D5FD3
:10DE28006F70656E0000000061636D5F70726F63F4
:10DE38006573735F636F6E666967000061636D5F2A
:10DE48007365745F636F6E74726F6C5F6C696E6517
:10DE58005F7374617465000070726F636573735FDC
:10DE6800696E7465726E616C5F636F6E74726F6CED
:10DE78005F636F6D706C65746500000061636D5F52
:10DE88007365745F6C696E655F636F64696E670064
:10DE98006765745F69746600000000000000000098
:10DEA80059750010D1760010C97300109F730010C7
:10DEB80081730010D972001074755F656470745FA7
:10DEC80073747265616D5F726561645F78666572AF
:10DED8000000000074755F656470745F7374726528
:10DEE800616D5F77726974655F78666572000000BE
:10DEF80074755F656470745F73747265616D5F7764
:10DF0800726974655F7A6C705F69665F6E65656477
:10DF18006564000074755F656470745F76616C6930
:10DF28006461746500000000747573625F726870E4
:10DF38006F72745F696E69740000000009005250C6
:10DF4800000000021CD500100800525012100200F8
:10DF5800666C6173685F646F5F636D6400000000E6
:10DF6800120004040506040606122600FE20F81F07
:10DF7800000000000001F02006004090062A1FCD96
:10DF880061BBAEA1C3C28C093164C883108B8E1DDE
:10DF98005AF120C81461C6041B3A0A002B0F8C6181
:10DFA800932682347AF0C1208234022C0DC4608F0B
:10DFB8000D112886840901002D088C6095861F0C98
:10DFC8002E0A8460900D112844002F2B0F5C90D6E8
:10DFD800A2648916254BB42859A2458916254BB445
:10DFE8002859A245C9122D4A966851B2448B9225E8
:10DFF8005A942C5900301C1054902E83AAD83829D2
:10E0080054A25842FCFF1F262B51A8881B560A4DC4
:10E01800013111087C90266A2A79F0600421FAFF00
:10E02800FF0132281054902E83AAD8382954A258B8
:10E0380042BC2B21AE6CD1B2648B96255BB46CD1FB
:10E048006A8B96255BB4EC831F1033271054908697
:10E058003F205BB42CD9A265C9162D5BD6E849C40C
:10E06800854913A66FC2951847C28C9146CB5216A4
:10E07800033428105490AEB284A92D4B98DAB28498
:10E08800A92D4B98DA22A4C89022438A0CA1328485
:10E09800287AF0038284E911003523105490863FD2
:10E0A800404CBF30D5C6C90B43258A254448988EB5
:10E0B80011224C56A2501137AC149A02362710542C
:10E0C800902E83AAD8382954A258428CE9C2541BEE
:10E0D800272F0C952896107F98AC44A1226E5829BA
:10E0E8003405003720105490863F40971D0962651B
:10E0F800AB255B2D61B2D512265B2DD9DA92AD2DF9
:10E10800D9EA00382A1054902E83AAD8382954A264
:10E1180058427C98AC44A1226E18B17152A844B1FF
:10E1280084F83059894245DCB052680A0039291010
:10E1380054902E83AAD8382954A25842FC61B212AE
:10E14800854C3C71D3CA04611A234498AC44A1227B
:10E158006E58293405003A0F4462920D1128C443C1
:10E168002C0285080000000004FFFF0000000000EA
:10E17800BF00030304050305060F14FFFC0CFC0C89
:10E18800FD01E604180CAE200500184B2109C20C4D
:10E198004D1C2C6904220A458A51485824A10023A1
:10E1A8001BC908D3498412A14474881C4212A14493
:10E1B80074881C4212A1442891012414E7FAD2055C
:10E1C8002B0749841223728B502207493106251FD9
:10E1D800CD085D4983B4A048141449C2A4B8280ED8
:10E1E8000DC943E4884818528C11A322002616CA88
:10E1F8000A59518D22A1484A9E499A2AB2916C76B1
:10E20800888D062707428A495802280CF4DA4C49B7
:10E21800264AFA9B6824290EF4D84C88463291FE87
:10E22800229988002A0B55784DA5A48C26B1002B7D
:10E238000D880AD589D50E0799580D002C0952DA90
:10E2480048502212002D0724384B1C022E06220AA1
:10E2580049102F0FC408CB25896221512C248AA587
:10E2680001300FC80853D12CA3221F4B131B0900E0
:10E27800310AC50A53C60E35FD01320FC80853D1FD
:10E288002CA322513ADCF170103312C80853D12C58
:10E29800A3A2744624174B131B09003413C8085350
:10E2A8000E69129944A48B4C723848C52A0035115E
:10E2B800C808533989A535536C2C2E4D6C2400366B
:10E2C80012C80853D12CA3B26474191589A5898D75
:10E2D80004370FC808533C48C552B154AC2A5604F9
:10E2E8003813C80853D12CA3A24424A35946C5D235
:10E2F800C446023912C80853D12CA322B134394D6F
:10E30800C4A5898D043A08820C4BD021043B0BB27A
:10E31800DC4AD021948804003C0C880A550B49A497
:10E32800E99C4C163D0B681A553CC8910E07013EF6
:10E338000C880A5588D9A7234631003F10C70AD54B
:10E34800540E329A543854954395004022EDEA60B1
:10E358005A8732392414AB906421594CA426528B25
:10E3680089944821519A482687CEE445004116CB26
:10E378000859CE21F3B2443A19CA644B52D14172BA
:10E38800B0D3054214C90A579C0E11619578A01C98
:10E3980022C22AF14039014316CA0AD9154FB38956
:10E3A800B42E87C821738854321B1D4B004415CAEC
:10E3B8000A59180F21E1442A919659AB12E1E41049
:10E3C8003202450EC80A553C90952F17B1F2E1204C
:10E3D800460DC80A553C90952F17B1CE004716CA6E
:10E3E8000AD9154FB389B42E87086F14A964363A31
:10E3F800C42802480CCA0A5988391F1EC67C164907
:10E4080007C20A497C184A0CC70AD3EA571AED20F2
:10E41800A9004B19CB0A594827C2916C261A4AA65B
:10E4280065AB68289B0947D28978004C0BC80A5508
:10E4380088F5CF8783004D19CB0A5B4C5D6F8798B1
:10E448002516A1A8505448911069441AD162024E69
:10E4580015CA0A594C8D468A8C22238948229A84E7
:10E468002621BA0E4F14CB0ADB556F4B52C9B44E56
:10E47800AF4EA4A2D9EC5A035010C90A579C0E11EA
:10E488006195F14039C9B5035117DBFADA556F4B7D
:10E4980052C9B44EAF8524A2D28876BD83420052B9
:10E4A80019CA0A591C420789542295082787D0217E
:10E4B800249C48255289B43A5311C90A57D52EB31A
:10E4C800AAD95AAFD626B712005419CA08553C180B
:10E4D800E51039440E9143E41039440E9143E41099
:10E4E8002100550DCA0A5988F9E7E2E410330156AC
:10E4F80018CA085788C912A1482812CA444291501C
:10E508002425D3E5102100571ECE085F0885442135
:10E518005145A62422299164925044482292A84247
:10E52800B1502C94015814C90A57486B13998AB0F2
:10E538003A9E162532955955005918CA0857888B9E
:10E5480013A14C241449C97439440E9143E4102191
:10E55800005A0FC80A553C48A7AAC3A9EAF4701084
:10E568005B0BF4DA4C1C46FA4F87005C0DC4084B71
:10E57800C462B234599A2C035D0BF4D84C1C42FA8D
:10E588004F87015E0D785AD589A53491162151001F
:10E598005F0719D8521C04600833AC4D84640161CC
:10E5A80011980AD3942E32E9C83292C824A7C90018
:10E5B8006211C80A5588B58C2EA32263E930918C64
:10E5C80000630E980A53D12CA3B2F2686223016447
:10E5D8000FC80A556BB21C4645C6D2E43411650F04
:10E5E800980A55D12CC2C3C13C9AD84800660DC4BC
:10E5F8000A4D4926924344A42F006713D8CA544DA4
:10E6080024875191B134394DC4A5898D04680DC84A
:10E618000A5588B5500E34221F056909C20A499067
:10E628000E07026A0B03CBCA284AF42F17006B1493
:10E63800C80A5388B595269251CD34118926328956
:10E648006C006C07C20A497C186D169C0A5D482844
:10E6580093C32134A2C968329A8C26A3C9680A6E6A
:10E668000C980A554828071A918F026F0E980A5578
:10E67800D12CA32263696223017012D8CA54484678
:10E68800975191B17498484662CD007110D8CA5418
:10E698004D24875191B134394DC43A720B950A4DC6
:10E6A800480E2399DE00730E970AD3540E3263B5D1
:10E6B80076905400740DB40ACD8824878848A791B1
:10E6C80000750B980A5508F9ED40A108760F9808CF
:10E6D8005308891291DE8854B10C0077159C085BA9
:10E6E800C864341591BE506487E0682A128B6400B0
:10E6F800780F970A53C86812A5DAAC2451A3097990
:10E7080015D8C85208891299442493C82432EA5467
:10E71800AC3895027A0C9708513CCE86C2D9EC7079
:10E728007B0EF4DA4C4926225D64229D46027C0762
:10E7380001CB483C087D0EF4DA4C88467A938874FD
:10E748009988007E0A383AD5CC446A1300A005009F
:10E75800184BA10AC2DA4CD022918301A213B8F84F
:10E76800D206699689292691498294898D1805A32C
:10E7780012C808D30D4B32894C229716C5E2F0E136
:10E7880010A40F772A534426918A8C4D52894C0243
:10E79800A511C808530889129136AAD028348AD5F9
:10E7A80000A60701CD4A9C0EA714F8D852D14C9A5E
:10E7B800891659D1243192454A361200A80825A84D
:10E7C8004D482802A91DCC0859924733B128448ADC
:10E7D80028494671517C22924842A4903C361A132B
:10E7E80001AA0C755ACD889226A110B500AB0E6807
:10E7F8002853A98824226D22994800AC0858285526
:10E808003C8835AD0724384B1C02AE1CCC08599205
:10E818004733B128528A2849469A881325494429FA
:10E8280024968DC64400AF0615A84D14B00B547A33
:10E83800CF48424A110900B10FB80AD589D50E0749
:10E8480099581D783808B20C7558CD4C241491D2BB
:10E858006100B30C7558CD4CD444428A6402B408A4
:10E8680033AA4D454600B50DC8DA5408F9ED709045
:10E87800909501B620F8D8D21C481152841421452D
:10E8880048A15130140C0543C15030140C0543C144
:10E89800500400B706224A4B10B80B45C84C052552
:10E8A80021C90400B908745A4D1D463ABA0B755867
:10E8B800CD4C24B389645CBB0F682A5388642299C1
:10E8C800488B48221201BC1ECD0A5D0965C4204D43
:10E8D8002C8B8BD444A19944420E45A412D5904D5B
:10E8E8002A0C4B00BD1CCC085D096334192D2C1271
:10E8F8008BE212C94C1251942806D5A4B192AC00EF
:10E90800BE1FCD08DD4C631299581696C94521895A
:10E9180096D128429644C4115589312A944A00BF99
:10E9280011C7DA5449E55045E1502AA31D241500C2
:10E93800C01B0B09D9C56172601C790E999725D245
:10E94800C950265B928A0E92839D2EC11B0B0959D2
:10E95800C74172481C7D0E999725D2C950265B92F3
:10E968008A0E92839D2EC21B0B09D9C641F3581CEF
:10E97800710E999725D2C950265B928A0E92839D73
:10E988002EC31BFB08594EA29139E21C322F4BA40F
:10E9980093A14CB624151D24073B5D00C41BFB083E
:10E9A80059C9843239DA1C322F4BA493A14CB624AE
:10E9B800151D24073B5D00C51E0B0959CA21A17806
:10E9C800280E9183E6907959229D0C65B225A9E815
:10E9D8002039D8E902C61CCE08DF1D68079A440E04
:10E9E80011C92122394474929DEE67A15878181EE6
:10E9F80002C71B0ACBD8154FB389B42E87C8217319
:10EA08008854321B1DEB719038249E01C814080BE2
:10EA180055C5E59038F070202B5F2E62E5C34100A4
:10EA2800C913080BD586A571E8E14056BE5CC4CA77
:10EA3800878300CA14080B558687B138E870202BE5
:10EA48005F2E62E5C34100CB12F80AD588B4830E65
:10EA580007B2F2E522563E1C04CC0B030949846434
:10EA68004189FE07CD0B030B4945A612FD2F00CEA9
:10EA78000D050949C526B1B04CFF1300CF0DF606A8
:10EA8800498848728850FF1300D019CC0859990F4B
:10EA980041E14C2A931E8487A0483A92CA84B34322
:10EAA800D008D11AFA0AD94D829139786A34526459
:10EAB8001419494412D1243409D17500D21A0B0B08
:10EAC8005BC66172601CB17A5B924AA6757A752240
:10EAD80015CD66D71A00D31A0B0BDBC74172481C39
:10EAE800B57A5B924AA6757A752215CD66D71A0053
:10EAF800D41A0B0BDBC641F3581CAD7A5B924AA6BD
:10EB0800757A752215CD66D71A00D519FB0A5B4EA2
:10EB1800A291395AF5B624954CEBF4EA442A9ACDD9
:10EB2800AE3500D619FB0ADB89A4223952F5B62482
:10EB3800954CEBF4EA442A9ACDAE3500D7129908E1
:10EB4800D54423B3C95A755A9BAC4DA21100D81CA1
:10EB5800CB0ADB954287D050249CCC2434114946FB
:10EB6800914D8622E1E8100AD500D9120A0BD9C5C1
:10EB78004172581C2EE69F8B9343CC04DA120A0B81
:10EB880059C721F2388A987F2E4E0E311300DB12B6
:10EB98000A0BD9C621E3581C2AE69F8B9343CC0461
:10EBA800DC11FA0A59298AE45031FF5C9C1C622660
:10EBB80000DD1C0A0957C721F2388AB83811CA443F
:10EBC8004291944C9743E41039440E1102DE11C966
:10EBD8000A57C84F8788B0CA78A09CE4EA00DF14B7
:10EBE800C80AD5942E32894C22194928425E2892A7
:10EBF8001100E015D80A53C5E59038B47491494717
:10EC080096914426394D06E114D80AD386A5717029
:10EC1800E922938E2C23894C729A0CE215D80AD3D8
:10EC28008587B138B07491494796914426394D0685
:10EC3800E315C80A534D429139B0749149479691EA
:10EC48004426394D06E414C80AD3A849E4C0D2457D
:10EC5800261D59461299E43419E516D80AD34943B2
:10EC6800C1505458BAC8A423CB4822939C2603E623
:10EC7800179D0ADF5448878A4C283C480E879058CD
:10EC8800443A1C424C00E713D8CA52D12CA3B2F222
:10EC98006862A3C68521E10C00E813D80A55C5E5CA
:10ECA80090389866111E0EE6D1C44602E912D80AB9
:10ECB800D586A57138CD223C1CCCA3898D04EA13D6
:10ECC800D80A558687B1389066111E0EE6D1C4461B
:10ECD80002EB13C80A55496412399066111E0EE6F4
:10ECE800D1C44602EC0BD3084984644189FE00ED87
:10ECF8000BD30A4945A612FD0500EE0CD50849C5F7
:10ED080026B1B04C7F02EF0BC5084948286299FE2E
:10ED180004F011C80AD5884BE5996554642C4D6CEC
:10ED28002400F110C80A554D4291394C4239D08817
:10ED38007C14F213D80A55C5E59038986619151948
:10ED48004B131B0900F312D80A5586A571149A654E
:10ED580054642C4D6C2400F413D80AD58587B13837
:10ED680094661915194B131B0900F513C80A554D5C
:10ED780042913994661915194B131B0900F612C8EC
:10ED88000AD5A849E4509A6554642C4D6C2400F7C0
:10ED98000E880AD589E5C0C3410E14CB00F8129835
:10EDA8000A5551228751C92231950E93080900F955
:10EDB80010D80A55C5E5903850C86F070A4500FABB
:10EDC8000FD80A5586A571B090DF0E148A00FB1083
:10EDD800D80AD58587B1384CC86F070A4500FC0F9B
:10EDE800C80AD5A849E43021BF1D281401FD191807
:10EDF800C9D286A571A8902891494432894C22A38A
:10EE08004EC58A532900FE1308CB5488B58C2EA30F
:10EE18002263E930918CC49A01FF1A08C9524964E7
:10EE28001239484894C824229944269151A762C5AA
:10EE3800A9140000000004FFFF000000BF00030346
:10EE480004040305050E1100FD0BFD0BFD01B003C5
:10EE5800940B1B2005008C142109B28514074B8CD8
:10EE680000220935C51712CA28022317A984791266
:10EE7800A14428111D4212A1447408498412A144D6
:10EE8800062417E77478C18A244289506244EA301C
:10EE98004289502292623806251BBC843DC4905E8C
:10EEA80084A4384C0E92C3E230093522924944B208
:10EEB8001805002613A9855B538950225D92549446
:10EEC800463291885411270732C5141500280DE4DD
:10EED8006D55129144A4DF443201290EE46C1532B9
:10EEE800914CA45F441211002A0945BC56A1CA449A
:10EEF800012B0B788C7962B5434CAC062C08337C1B
:10EF080034120A002D0613A414032E0622851404B5
:10EF18002F0FB4847449A25848140B896231003009
:10EF28000DB7845833891ABF49D446003108B485CF
:10EF38005826FD03320DB7843815194D2A1CEAF5F9
:10EF4800003310B7843815194DAA4496D268920A2E
:10EF5800003412B884B8D2214D22529149649243A8
:10EF680054AC023510B7843816A9506A9D4A6924F2
:10EF7800110900360FB7845824151155B244E326F9
:10EF8800A900370FB7841857A15428154A85524548
:10EF980000380EB784381519374945C64D5201391E
:10EFA8000EB7843815196F122B8D2422013A088266
:10EFB80086157408013B0A937D35EA600905003C13
:10EFC80009569578939174013D07379D19F7033ECB
:10EFD8000A569518D3A96832033F0EB78539151913
:10EFE8004D2AD42A87AA01401CCD7C9EE5D9EA483F
:10EFF80025A224115144228A1A4549229ACCE45068
:10F0080099BC0A4116BA849A72889C1C8A8A8422FE
:10F0180099507408092562B2004211B8851A175927
:10F02800914D629249846C8709004311B9857B250B
:10F03800CA443AD71D228D506615004410B9851B65
:10F0480036D9442891F251229BD800450CB785192E
:10F0580007A9D68354EB01460CB7851907A9568B27
:10F068005457004712B9857B25CA443A57B35225ED
:10F078004209654609480BB8851A421E0F451E0508
:10F088004907B285141F024A0CB784B8FA4AA35537
:10F098002615004B15B9851A42894CA4261152A988
:10F0A80012A148A6249448054C09B7851852FDEBCF
:10F0B800014D18BB851D727AD57AB3C42294588441
:10F0C800A2428A8448235A4C004E13B9851BD26247
:10F0D8009112A388482192841621B60A4F11BA8545
:10F0E8007CC4D1482811F32C118A166900500DB838
:10F0F800851A175991ED3011EB0C5111BA857CC462
:10F10800D1482811F326511B2D52045217B9851BDB
:10F1180027D94428114A64A2936C2294082542896D
:10F128005400530FB8853A9651B1CC3C2656462523
:10F1380000540AB88418879858FF06550CB9851BDF
:10F1480052FE55229395005615BA841A62B2442885
:10F15800128AD6444291944C97438400571DBE842A
:10F168001E42215148541191949294925444125938
:10F17800442409AE0AC54219005813B9841952AA81
:10F1880044A6221D4F25322599444A155917BA8499
:10F198001A628950249489842229992E87C8217259
:10F1A8008810005A0EB8841987B05475AA3A553E8B
:10F1B800045B09E46D1526FD4F045C0CB48414B19E
:10F1C800982C4D96264B5D09E46C1524FD4F065E80
:10F1D8000A56B55832528A88245F07186C18870077
:10F1E800600723CD152201611087853824555145C4
:10F1F80024114924A38900620EB78519522DA289CA
:10F208001AB78A2600630D868558230989A82451D0
:10F218009A00640EB785B99A242A356E12C9482215
:10F22800650E8685381411E930144E241400660CD6
:10F23800B5845413998824D327006712B76D59935E
:10F2480088A4C64D221949A4A4490500680BB785AE
:10F2580019522D2B35BE096909B28514A4C3410082
:10F268006A0AE36C348A12FD72016B0EB685184285
:10F278004D14098924D189246C07B285141F026DA5
:10F28800138A851C12C916928824228948229288DA
:10F29800A4006E0A87851992951ADF046F0D878579
:10F2A8005933891A3789DA0800700FB76D1912D1E6
:10F2B800448D5B4593541500710EB76D5912951A1C
:10F2C80037896424916A720A85851692834C6F0087
:10F2D800730D86853814519138AC482800740DA5F3
:10F2E8008435325145A697900400750A87851932EE
:10F2F800BE555604760F88841842A244A42D14A43F
:10F308008A650077148A841A2211494452D12451FB
:10F3180013094542910800780E878417329A446D84
:10F328003893A8D1047911B86C1842A244A42D14BA
:10F33800A48A55A543007A0B8684164699A24CD117
:10F34800007B0CE56C7622992645351D057C06E187
:10F358006E140F7D0DE56D1642994625359D6400A6
:10F368007E09379D39A3494D02A005008C14A109D7
:10F37800B26D14B4C8C100A213A77CB83192A4140A
:10F3880092C424B1914424294501A30EB884583469
:10F3980091AE46B1AAB4C202A410779418D14849D4
:10F3A80022928824A24A3400A510B88419424689BA
:10F3B800481BCD28348A6500A607E16E142603A7EA
:10F3C80013E66D381411A9489194481509B144926F
:10F3D8005000A80825CC15128A00A91ABA857C44C1
:10F3E800A5902822094546515154141565098942AA
:10F3F80042210D00AA0C75A4369350682289540B3B
:10F40800AB0B57955912BD49641201AC07479519C2
:10F41800CF09AD0613A41403AE19BA857C44A5C858
:10F4280028124A12258966A2245196A4484828A47D
:10F4380001AF0615CC1505B00A44BD3692902822B6
:10F4480001B10D98847962B5434CAC0E3C04B20A04
:10F4580064AC35928848A244B30B64AC359288DA20
:10F46800440500B40723CD351400B50CB76D193227
:10F47800BE552E545500B61EE86C58164AA412A95B
:10F48800442A214A6C128D4423D14834128D4423D6
:10F49800D1480400B706229D1404B809356C7514C8
:10F4A800C90400B90763AC34151DBA0A75A436132C
:10F4B800098B645CBB0C57951912994426D113002B
:10F4C800BC1ABC843C42D9504D2A938AC42259584C
:10F4D80024154D2511A1A8269400BD18BB843C42D3
:10F4E800D150A628138AA4228978229409454291EA
:10F4F8005444BE1CBC843C42594426948945C28865
:10F50800B2481616494553494428AA092500BF0E92
:10F51800B76D7952395451AB8C26A900C019EA84C9
:10F528007A72901C510E91934351915024138A0E74
:10F5380021A1444C16C118EA84BA7239A21C2227A8
:10F5480087A222A14826141D424289982CC219EA92
:10F55800849A63891C490E91934351915024138ACC
:10F568000E21A1444C16C31AEA849A9268448E2646
:10F5780087C8C9A1A8482892094587905022260B18
:10F58800C419EA845A8A2239921C222787A222A106
:10F598004826141D424289982CC51AEA849AF250CA
:10F5A8005C0E9143E4E450542414C984A2434828CF
:10F5B800119305C61BBE849F87211D249183427227
:10F5C80088480E119D64F2BB4C2C140B0F01C71414
:10F5D800E96D7B25CA443AD71D228D506665A14442
:10F5E8003A03C80EE785596239E820D57A906A3D12
:10F5F800C90EE78599EAA08354EB41AAF500CA0E23
:10F60800E785793389FC20D57A906A3DCB0FE78569
:10F61800394A1239E420D57A906A3DCC0AE3841439
:10F6280022A144FF01CD0AE385344489FE0B00CEB4
:10F638000BE58434136599FE1300CF0BE58414128F
:10F648008A58A6FF04D017BA843B46D94828924A5C
:10F65800A437895422950845B2910D00D118E9853F
:10F668007B9260440E95168B941845440A9124B4F5
:10F6780008B15500D215EA857C72901C8D381A099C
:10F6880025629E2542D1220D00D314EA85BC723929
:10F698001A7134124AC43C4B84A2451A00D415EAA4
:10F6A800859C63891C85381A0925629E2542D122CA
:10F6B8000D00D515EA859C9268448E441C8D8412F1
:10F6C80031CF12A1689106D615EA855C8A22390ADB
:10F6D8007134124AC43C4B84A2451A00D70F788C67
:10F6E800194289484695D24412A100D81ABC849C74
:10F6F80024D188269409493289481799882813CA39
:10F708004823111100D910E9857B72881C2AE55F0E
:10F718002532590900DA0FE985BB623954CABF4A54
:10F7280064B21200DB10E9857B53891C28E55F254C
:10F7380032590900DC10E9853B32914C0E93F2AF47
:10F748001299AC04DD19EA84BA72395C2C118A84E6
:10F758003291502425D3E51039440E1102DE0FB83A
:10F76800851A62F14556643B4CC4CA00DF0CB68565
:10F77800381411179D789100E012B7855862398CBA
:10F78800A42AAA88242289643411E112B785784210
:10F798003990A42AAA88242289643411E213B785EF
:10F7A8005833891C4452155544129144329A08E33F
:10F7B80014B785589250440E23A98A2A22894822D0
:10F7C800194D04E413B785384A123988A42AAA883F
:10F7D800242289643411E513B78558C25050485221
:10F7E800155544129144329A08E6148B853D2CA293
:10F7F8009150263994A422A98424995400E711B77A
:10F808006D5924118DAA26118988B2886C06E810D2
:10F81800B6853852398822221D86C2898402E910A9
:10F82800B68578EA208A8874180A27120A00EA102E
:10F83800B6855823899C22221D86C2898402EB0F33
:10F84800B68538BA5344A4C35038915000EC09B374
:10F85800841422A1443FED09B3853444897E01EE26
:10F868000AB584341365997E02EF0BB58414128AA5
:10F8780058A69F00F010B785396AB350902451E319
:10F8880026511B01F10EB785599250440E92ACD403
:10F89800F826F20FB785596239702651E326511BB5
:10F8A80001F30FB785794239742651E326511B01BC
:10F8B800F410B7855933891C3693A87193A88D0025
:10F8C800F511B785599250440E9C49D4B849D4468D
:10F8D80000F610B785394A12396C2651E326511BB8
:10F8E80001F70D788C796239F010078A6500F811F4
:10F8F8008785599388A64A8412294954222300F9F6
:10F908000DB78559623948C6B7CA8A00FA0CB78557
:10F9180099EA2019DF2A2B02FB0EB7855933891C77
:10F9280022E35B654500FC0EB785394A123944C6A7
:10F93800B7CA8A00FD13E86C98523950489488B4C5
:10F94800858254B1AA7408FE10E76D19522DA28958
:10F958001AB78A26A92A00FF15E86C581299440E8E
:10F96800121225226DA12055AC2A1D0200000004A8
:10F97800FFFF00005F00020304040204050B0BFFF5
:10F98800FE08FE08FE015202C103E7200500E60456
:10F9980021088223E5906201220733772552052347
:10F9A8000F77A1358AA1B419856614436900240D1F
:10F9B800A59E359E52F43292527308251287224E24
:10F9C80096A4508AC1188EC1488CA25902260F8766
:10F9D800226E9644499E255392C64900270631F760
:10F9E8006400280AA31A3592229DA118290CA31A8B
:10F9F800251443492B9242002A07333625CA012B86
:10FA08000B56A6558644538644002C0742DA849246
:10FA1800002D06146E85002E0622E284002F0B842A
:10FA2800223D19877118C700300A85A26D92F89295
:10FA38002600310783A3ADD207320985A26D522B68
:10FA4800B50B330C85A26D528B322453D204340F7C
:10FA580086A21D8A21798CA450B2654802350C858E
:10FA6800A2E5966968A4A40900360C85A26D92687F
:10FA78004A62491300370A85A2A556CAA2AC0438BF
:10FA88000C85A26D9228699258D204390C85A26D12
:10FA98009258124D4913003A0762E28486083B09DE
:10FAA80082DA84862809003C07546655522B3D07A4
:10FAB80035AAA5060B3E085466455629013F0B8515
:10FAC800A26D528B6A19290240159ADEBE96C1A40E
:10FAD800148949290EA530154A728C5503410F87A0
:10FAE80022768666499444493A645A00420B86E273
:10FAF800A512C94B645E00431087229614696806F4
:10FB08006550862251A400440B86E2859494BC2457
:10FB18001200450985A2E5966F7501460A85A2E59A
:10FB28009629591B00470F87229614696806C55AFB
:10FB380012C52900480A86E245641E23A700490623
:10FB480082E2E4214A0985A25D6F4A9A004B0E873A
:10FB5800E2459494F40CD192A892054C0885A245EC
:10FB6800D677014D0F89A246066BFBB252D4448664
:10FB780064284E0C8722462E4B2AA222B22D4F0B08
:10FB880087227696D4DC927A04500D86E2A51299E3
:10FB9800970CC9900C01510C971E7696D45C91363F
:10FBA8008D0A520A86E2A5129997C814530D86E267
:10FBB8008D126B88866852A200541086E2C5942183
:10FBC800199221199221191201550986E245E4A7D3
:10FBD8004401560F872246A625A5244AF20CCD607B
:10FBE8000C57128AE24614499154694ACA23166589
:10FBF800481401580D872246A625F50CCD929A1671
:10FC08005910886246866848A94D83322CC3320051
:10FC18005A0B86E2C58664F5AC860C5B08A31AA568
:10FC2800D2AF015C0D8422258EA13886E2188A03A2
:10FC38005D08A31A65D2AF025E0844724D2AC5005A
:10FC48005F06169AC500600622FE240C610A66A2A9
:10FC58006D0C454AA724620A85A245962989CB02DC
:10FC680063096462AD1A55D100640985A25D6571A6
:10FC78004904650B65A26D920E59922600660A85A5
:10FC880021751249592700670B859A4D9AB8245A4D
:10FC98009A00680A85A2459629899700690782E231
:10FCA800443C0A6A09A3D94C86F445016B0D86A227
:10FCB8004586644845CEA4A4146C0682E2E4216D0E
:10FCC8000D686226D2454994444994026E0865A29B
:10FCD8002552F1126F0A65A26D92B8A40900700A44
:10FCE800859A25527159B20C710A859A4D9AB82491
:10FCF8005A017209642225AA444D00730B65A26D4E
:10FD080052CD10254D00740A84214D9428515B0072
:10FD1800750865A245E2A50A760A65A2456249C941
:10FD28003904770E6722468AA8888A3425519200BA
:10FD3800780B66E245946899124901790B859A45D2
:10FD4800E292485914017A0865A2A516B50B7B0AF8
:10FD5800A45A551255B2A82D7C06A1DBE4187D0BD8
:10FD6800A45A4516D592A825027E0725AE4D0B004C
:10FD780000000004FFFF00005F0002020303030409
:10FD880004050700FF06FF0600010A021603072004
:10FD98000500BD012106B1B1192922075BB74956F3
:10FDA80000230A2DB1AB86AA86AA0024092DB15BCF
:10FDB800F54E6901250834B1C9B1770026092CB17F
:10FDC8008B29563105270599B719280772B153CDE4
:10FDD80000290872B189A952002A076BB149D56A6E
:10FDE8002B0A2DB1CD280E9951042C075BAF532552
:10FDF800002D060CB519012E0652B119012F072442
:10FE0800B38F6D00300873B1AB5C1500310773B167
:10FE18004BB235320934B15331C77204330A34B1A5
:10FE2800193969249302340A34B18DAA1A3127008A
:10FE3800350A34B1197A23991400360A34B1537942
:10FE480045991400370A34B11939E6982300380A5D
:10FE580034B15331A9289302390A34B15351A69DBC
:10FE680014003A076AB11971043B0833AFB3912AF9
:10FE7800013C076BB14D75013D081CB319198D0084
:10FE88003E076BB1C955093F0973B16BA60C130046
:10FE9800400934B15351DD4801410934B153518E01
:10FEA8002903420A34B15971A4284702430934B1DD
:10FEB8005351974901440934B159D13912004509C0
:10FEC80034B1197AE53C02460834B1197AE51A4783
:10FED8000934B15351A79906480834B189724C3393
:10FEE800490773B159B1354A0834B16FCBA4004BF7
:10FEF8000A34B1892A4999CA004C0734B1C9DD23AB
:10FF08004D0934B189E38866004E0834B1896BA97C
:10FF1800334F0934B153D1991400500A34B15951AF
:10FF28008E943300510A3CAF53D15C49A300520967
:10FF380034B159518ED40C530A34B1533165542617
:10FF480005540773B159B10B550834B1899E49015D
:10FF5800560934B189CE241500570934B189E638D9
:10FF68006200580A34B1893249156500590873B1DD
:10FF7800495659015A0934B11939B647005B077314
:10FF8800B119B1395C0924B3C928A38C025D077380
:10FF9800B199CD115E0553B96B5F060CB1190160BB
:10FFA8000652B98901610824B11B51A902620A34B9
:10FFB800B1C97945391200630623B19B59640834E5
:10FFC800B1AF469469650824B1536964056609347C
:10FFD800B1ADCA99230067092CAF1B31A98C0668FB
:10FFE8000834B1C9794533690873B1CB4856036AF7
:08FFF800097BAFCDB0541500E8
:020000041001E9
:100000006B0934B1C95592A90C6C0773B1915D03AA
:100010006D0824B1496948196E0724B159D10C6F94
:100020000824B15351260570092CAF59518E940103
:1000300071082CAF1B51A61D720824B159516700DD
:10004000730824B11B1A0D05740934B1CB71E68C09
:1000500004750724B189661A760763B14956057796
:100060000724B189721C780824B18949AA18790932
:100070002CAF89329525007A0824B119B11C017B77
:100080000873B14D49D6017C05B1B1397D0973B111
:10009000C951C514017E0714B94B2A0100000004A0
:1000A000FFFF0000958E0010118F0010378F001099
:1000B00030910010C2900010F0900010FA900010E3
:1000C0004C9100105691001094910010A4910010D2
:1000D0005C920010BC910010E4910010029200109C
:1000E0000001140A6464323200127A000004289677
:1000F00010040000800020001815A015C019FF0092
:100100001815A115C819FF001815AE19FF00000039
:100110001815AF19FF0000001815AE15D51680157B
:10012000A8161F15D316001540158D161415201688
:100130000015A115C815DA16021581168F15D916E6
:10014000F115DB1640152E15A415A619FF000000A9
:100150008E9C0010149B0010149B0010149B001028
:10016000149B0010149B0010149B0010149B001093
:10017000149B0010309C0010309C0010309C00102C
:10018000309C0010309C0010149B0010149B001039
:10019000149B0010149B0010149B0010149B001063
:1001A000149B0010149B0010149B0010149B001053
:1001B000149B0010149B0010149B0010149B001043
:1001C000149B0010149B0010149B0010149B001033
:1001D000309C0010149B0010149B0010149B001006
:1001E000149B0010149B0010149B0010149B001013
:1001F000149B0010149B0010149B0010A0A2001070
:10020000149B0010B2A2001074AA0010FEA60010E9
:1002100052A700104CA7001038A70010FEA600102F
:1002200034000000CEFBFFFFCB0300000100000004
:100230000000000035000000CEFBFFFFCB030000F4
:100240000100000000000000BC89D897B2D29C3C9D
:1002500033A7A8D523F649393DA7F444FD0FA532AD
:100260009D978CCF08BA5B25436FAC642806681154
:100270000020202020202020202028282828282076
:10028000202020202020202020202020202020206E
:1002900020881010101010101010101010101010D6
:1002A00010040404040404040404041010101010C6
:1002B0001010414141414141010101010101010190
:1002C00001010101010101010101010110101010E2
:1002D0001010424242424242020202020202020262
:1002E00002020202020202020202020210101010B6
:1002F00020000000000000000000000000000000DE
:1003000000000000000000000000000000000000ED
:1003100000000000000000000000000000000000DD
:1003200000000000000000000000000000000000CD
:1003300000000000000000000000000000000000BD
:1003400000000000000000000000000000000000AD
:10035000000000000000000000000000000000009D
:10036000000000000000000000000000000000008D
:10037000000000000000000000000000000000007D
:10038000000000000000000000000000000000006D
:10039000000000000000000000000000000000005D
:1003A0000000000010111213141516171819000080
:1003B00000000000001A1B1C1D1E1F000000000092
:1003C000000000000000000000000000000000002D
:1003D00000000000001A1B1C1D1E1F000000000072
:1003E000000000000000000000000000000000000D
:1003F00000000000000000000000000000000000FD
:1004000000000000000000000000000000000000EC
:1004100000000000000000000000000000000000DC
:1004200000000000000000000000000000000000CC
:1004300000000000000000000000000000000000BC
:1004400000000000000000000000000000000000AC
:10045000000000000000000000000000000000009C
:10046000000000000000000000000000000000008C
:100470000000000005000000190000007D000000E1
:100480000080E03779C34143176E05B5B5B8934690
:10049000F5F93FE9034F384D321D30F94877825A5C
:1004A0003CBF737FDD4F1575000000000000F03F7A
:1004B000000000000000244000000000000059403F
:1004C0000000000000408F40000000000088C34092
:1004D00000000000006AF8400000000080842E4107
:1004E00000000000D01263410000000084D7974153
:1004F0000000000065CDCD41000000205FA0024259
:10050000000000E876483742000000A2941A6D42CD
:10051000000040E59C30A2420000901EC4BCD642C0
:1005200000003426F56B0C430080E03779C341436B
:1005300000A0D8855734764300C84E676DC1AB43E1
:10054000003D9160E458E143408CB5781DAF1544FF
:1005500050EFE2D6E41A4B4492D54D06CFF08044DA
:10056000F64AE1C7022DB544B49DD9794378EA44EF
:1005700080D900108CD9001098D90010A4D900108F
:10058000B0D90010BCD90010C8D9001050DF00103D
:0405900044DF001034
:1005940010B503000468EFF3108272B620680028D7
:1005A400FCD0BFF35F8F0420185600280BDB002912
:1005B40010D0086000201B68BFF35F8F0021196012
:1005C40082F3108810BDD0210906097849B2197147
:1005D4000120F0E70020EEE7F0B5D6464F46464648
:1005E400C0B50500904699460368002B20D0D0235F
:1005F4001B061B785BB29A462F68EFF3108472B621
:100604003E68002EFCD0BFF35F8F0423EB56002B13
:1006140014DB2B68BFF35F8F00221A6084F3108809
:100624004046494600F0B8F90028E5D000200FE024
:100634000A4B0B4A0B48A62100F0B6F953462B711E
:100644002B68BFF35F8F00221A6084F310880120A7
:10065400E0BCBA46B146A846F0BDC04688CD0010FD
:10066400F0D800103CCD001070B582B00600150023
:100674001C0001A9FFF78CFF002807D1019B5BB286
:10068400D0221206127852B2934201D102B070BD48
:100694002A0023003000FFF79FFFF7E7F8B50600B4
:1006A4000F0000F069F904000D00FA229200002303
:1006B4003800002100F058F922002B0012184B4199
:1006C400002B03DB3000FFF787FFF8BD0122524205
:1006D400004BF7E7FFFFFF7F10B50168EFF31083CE
:1006E40072B60A68002AFCD0BFF35F8F04228256D8
:1006F400002A0ADBFF2202710268BFF35F8F002128
:10070400116083F3108840BF10BD034B034A0448B3
:10071400D52100F049F9C0469CCD0010E4D8001062
:100724003CCD001070B504000E004378012B1FD09F
:100734001D4B1D686A69EFF3108172B61368002BB4
:10074400FCD0BFF35F8FA9612100280000F0FCF802
:100754006A69AB69BFF35F8F0021116083F310886E
:1007640000281AD020786178320000F0F5F870BDC6
:1007740002780E4B1B789A42DAD102790B4B5B78E4
:100784009A42D5D14279094B9B789A42D0D1074AF3
:10079400D37810218B43D370CAE7962204490548C5
:1007A400520000F0F1F8E2E7041400209012002057
:1007B400A8DD001054D30010094B1B78002B08D07F
:1007C4000CE09A00802149055118086805495050E9
:1007D40001333F2BF5DD024B01221A707047C046EE
:1007E400611F00200C15002010B5014B984710BD67
:1007F4000D150020002305E09A00044951184968AA
:1008040011500133052BF7D97047C0460000024050
:1008140010B5002206E093001958044CA446634422
:1008240059600132052AF6D910BDC04600000240C5
:1008340000280AD003231B02054A12685340C02231
:1008440092001340034A136070470223F3E7C04643
:100854000C8001400C900140F0B5D6464F46464608
:10086400C0B586B007000E00150018239A461B88F1
:100874001422904610882D499847814653461B8878
:10088400424610882A499847040053461B8842462A
:1008940010882849984780464B46002B0FD0002CDF
:1008A4000DD000280BD0FFF787FF6846FFF7A2FFA3
:1008B400C847A0470020FFF7BBFF2A0010E01E4BEB
:1008C4001E4A8A211E48490000F06EF8002B07D00A
:1008D400002A05D0C0235B051B6E3370013A013634
:1008E4002B00134312D0C0235B059C6A08232340CA
:1008F400A407EBD5002DE9D0511B0D29E6D8387893
:10090400C02149050866013D0137DFE70120FFF7F3
:100914008FFFC047FFF768FF6846FFF779FF06B00F
:10092400E0BCBA46B146A846F0BDC0464946000000
:100934004558000046430000DCD6001058DF001084
:100944008CD500107047C04601B40248844601BCEF
:10095400604700BF1783001001B40248844601BCFD
:10096400604700BFDD63001001B40248844601BC47
:10097400604700BF453B001001B40248844601BCF7
:10098400604700BF5526001001B40248844601BCEC
:10099400604700BF6153001001B40248844601BCA3
:1009A400604700BF8124001001B40248844601BCA2
:1009B400604700BFB95000100110000000000000A3
:1009C4000000010000000000000000000000020020
:1009D4000000000000000000000003000000000010
:1009E400000000000000FF000000000001B548689E
:1009F40001318E460047704609380149884701BDD8
:100A0400351C001000000000000000000000000081
:100A14000000000000000000600C00200000000046
:100A2400503300004C3300005433000052330000B4
:100A34004D5300004D430000533400004334000084
:100A440000400440000000000814002010000C00C6
:100A54000000000000000000000000000000000092
:100A640000000000FF000000FFFFFFFF0000020085
:100A74000000000000000000A0050020A0050020E8
:100A8400A8050020A8050020B0050020B00500201E
:100A9400B8050020B8050020C0050020C0050020CE
:100AA400C8050020C8050020D0050020D00500207E
:100AB400D8050020D8050020E0050020E00500202E
:100AC400E8050020E8050020F0050020F0050020DE
:100AD400F8050020F805002000060020000600208C
:100AE400080600200806002010060020100600203A
:100AF40018060020180600202006002020060020EA
:100B04002806002028060020300600203006002099
:100B14003806002038060020400600204006002049
:100B240048060020480600205006002050060020F9
:100B340058060020580600206006002060060020A9
:100B44006806002068060020700600207006002059
:100B54007806002078060020800600208006002009
:100B640088060020880600209006002090060020B9
:100B74009806002098060020A0060020A006002069
:100B8400A8060020A8060020B0060020B006002019
:100B9400B8060020B8060020C0060020C0060020C9
:100BA400C8060020C8060020D0060020D006002079
:100BB400D8060020D8060020E0060020E006002029
:100BC400E8060020E8060020F0060020F0060020D9
:100BD400F8060020F8060020000700200007002087
:100BE4000807002008070020100700201007002035
:100BF40018070020180700202007002020070020E5
:100C04002807002028070020300700203007002094
:100C14003807002038070020400700204007002044
:100C240048070020480700205007002050070020F4
:100C340058070020580700206007002060070020A4
:100C44006807002068070020700700207007002054
:100C54007807002078070020800700208007002004
:100C640088070020880700209007002090070020B4
:100C74009807002098070020A0070020A007002064
:100C8400A8070020A8070020B0070020B007002014
:100C9400B8070020B8070020C0070020C0070020C4
:100CA400C8070020C8070020D0070020D007002074
:100CB400D8070020D8070020E0070020E007002024
:100CC400E8070020E8070020F0070020F0070020D4
:100CD400F8070020F8070020000800200008002082
:100CE4000808002008080020100800201008002030
:100CF40018080020180800202008002020080020E0
:100D0400280800202808002030080020300800208F
:100D1400380800203808002040080020400800203F
:100D240048080020480800205008002050080020EF
:100D3400580800205808002060080020600800209F
:100D4400680800206808002070080020700800204F
:100D540078080020780800208008002080080020FF
:100D640088080020880800209008002090080020AF
:100D74009808002098080020A0080020A00800205F
:100D8400A8080020A8080020B0080020B00800200F
:100D9400B8080020B8080020C0080020C0080020BF
:100DA400C8080020C8080020D0080020D00800206F
:100DB400D8080020D8080020E0080020E00800201F
:100DC400E8080020E8080020F0080020F0080020CF
:100DD400F8080020F808002000090020000900207D
:100DE400080900200809002010090020100900202B
:100DF40018090020180900202009002020090020DB
:100E0400280900202809002030090020300900208A
:100E1400380900203809002040090020400900203A
:100E240048090020480900205009002050090020EA
:100E3400580900205809002060090020600900209A
:100E4400680900206809002070090020700900204A
:100E540078090020780900208009002080090020FA
:100E640088090020880900209009002090090020AA
:100E740098090020980900204300000000000000A9
:100E8400000000000000000000000000000000005E
:100E9400000000000000000043000000000000000B
:100EA400000000000000000000000000000000003E
:100EB40000000000000000004300000000000000EB
:100EC400000000000000000000000000000000001E
:100ED40000000000000000004300000000000000CB
:100EE40000000000000000000000000000000000FE
:100EF40000000000000000004300000000000000AB
:100F040000000000000000000000000000000000DD
:100F1400000000000000000043000000000000008A
:100F240000000000000000000000000000000000BD
:100F3400000000000000000043000000000000006A
:100F4400000000000000000000000000000000009D
:100F54000000000000000000DDC5001091BA001080
:100F6400000000007002011094CA0010D4D40010D4
:100F7400D4D40010D4D40010D4D40010D4D400108D
:100F8400D4D40010D4D40010D4D40010D4D400107D
:100F9400FFFFFFFFFFFFFFFFFFFFFFFFFFFF00005B
:100FA40001004153434949000000000000000000D3
:100FB400000000000000000000000000000000002D
:100FC40000004153434949000000000000000000B4
:100FD400000000000000000000000000000000000D
:100FE40000000000180B0020000000004411002045
:100FF400AC110020141200200000000000000000CA
:1010040000000000000000000000000000000000DC
:1010140000000000000000000000000000000000CC
:1010240000000000000000000000000000000000BC
:1010340000000000000000000000000000000000AC
:10104400000000000000000000000000000000009C
:10105400000000000000000000000000000000008C
:10106400000000000000000000000000000000007C
:10107400000000000000000000000000000000006C
:1010840001000000000000000E33CDAB34126DE609
:10109400ECDE05000B000000000000000000000072
:1010A400000000000000000000000000000000003C
:1010B400000000000000000000000000000000002C
:1010C400000000000000000000000000000000001C
:1010D400000000000000000000000000000000000C
:1010E40000000000000000000000000000000000FC
:1010F40000000000000000000000000000000000EC
:1011040000000000000000000000000000000000DB
:1011140000000000000000000000000000000000CB
:1011240000000000000000000000000000000000BB
:04000005100001E9FD
:00000001FF
